{"parameters": {"w": 12, "ki": 0.08, "kf": 0.18, "ka": 11, "l": 1.5, "o": 30, "m": 800, "f": null}, "start_time": "Tue Dec 21 03:10:29 2021", "current_time": "Tue Dec 21 03:11:06 2021", "run_time_in_seconds": 36, "measurements": 800, "moves_per_measurement": 1, "kappa_latest": 0.18, "mean_latest": 0.44, "err_latest": 0.8942016061794952, "correlation_time_latest": 0.0003503411481896004, "full_results": [[0.08, 0.58, 0.007148545651393492, 0.0002463610575223164, 7.0, 111.0], [0.09, 0.57296875, 0.008666594019353786, 0.0003628807317257176, 15.0, 214.0], [0.1, 0.5826136363636364, 0.010234361109551771, 0.0004171837669315051, 21.0, 291.0], [0.11, 0.56921875, 0.015760676813456075, 0.0007287759372071977, 15.0, 214.0], [0.12, 0.5523958333333333, 0.026243766579778012, 0.002921423457764035, 24.0, 316.0], [0.13, 0.5235887096774193, 0.4430756519700676, 0.0012207483412782453, 61.0, 801.0], [0.13999999999999999, 0.4775, 0.6294480553069883, 0.001034368492250049, 12.0, 163.0], [0.15, 0.46, 0.7319367754303643, 0.00031692540899905345, 19.0, 265.0], [0.15999999999999998, 0.44125, 0.8020781920941136, 0.0004108239618080198, 6.0, 86.0], [0.16999999999999998, 0.4354166666666667, 0.853486624577372, 0.0004550547793031481, 5.0, 87.0], [0.18, 0.44, 0.8942016061794952, 0.0003503411481896004, 2.0, 36.0]]}