{"parameters": {"w": 13, "ki": 0.08, "kf": 0.18, "ka": 11, "l": 1.5, "o": 30, "m": 800, "f": null}, "start_time": "Tue Dec 21 06:38:57 2021", "current_time": "Tue Dec 21 06:48:16 2021", "run_time_in_seconds": 559, "measurements": 800, "moves_per_measurement": 17, "kappa_latest": 0.18, "mean_latest": 0.3159558823529412, "err_latest": 0.8951015560396274, "correlation_time_latest": 0.0001491797305626358, "full_results": [[0.08, 0.5214285714285715, 0.006499097297046905, 0.00022619106712547439, 13.0, 242.0], [0.09, 0.5283333333333333, 0.007127929796854973, 0.0006707235824331268, 6.0, 113.0], [0.1, 0.4996052631578947, 0.008510805797320305, 0.0002491349116758613, 37.0, 639.0], [0.11, 0.49392857142857144, 0.012535188020434813, 0.000856222884444579, 14.0, 244.0], [0.12, 0.49129032258064514, 0.023587969220814835, 0.0023500433329278155, 62.0, 1033.0], [0.13, 0.44300925925925927, 0.44607687115142436, 0.0013790644856993993, 54.0, 897.0], [0.13999999999999999, 0.413, 0.6301311120519235, 0.0009901127355690174, 10.0, 177.0], [0.15, 0.37107142857142855, 0.7321763003168671, 0.0005628635150957558, 14.0, 241.0], [0.15999999999999998, 0.344, 0.8019030458562192, 0.0002243555940222539, 10.0, 176.0], [0.16999999999999998, 0.345, 0.8533195580425055, 0.0002612751294494583, 7.0, 143.0], [0.18, 0.3159558823529412, 0.8951015560396274, 0.0001491797305626358, 33.0, 559.0]]}