{"parameters": {"w": 14, "ki": 0.08, "kf": 0.18, "ka": 11, "l": 1.5, "o": 30, "m": 800, "f": null}, "start_time": "Wed Dec 22 05:13:03 2021", "current_time": "Wed Dec 22 05:14:14 2021", "run_time_in_seconds": 71, "measurements": 800, "moves_per_measurement": 1, "kappa_latest": 0.18, "mean_latest": 0.44125, "err_latest": 0.8950105592040766, "correlation_time_latest": 0.000542092126697143, "full_results": [[0.08, 0.60775, 0.005590666022150424, 0.00020684220423704023, 9.0, 285.0], [0.09, 0.5967857142857143, 0.006827624359528543, 0.0002973156428752428, 14.0, 396.0], [0.1, 0.5960416666666667, 0.007221009153986792, 0.0004088485674071635, 12.0, 343.0], [0.11, 0.594375, 0.010528961789425962, 0.0005578360453767822, 11.0, 343.0], [0.12, 0.5761538461538461, 0.020613333048415554, 0.0023014862707163193, 26.0, 717.0], [0.13, 0.5521428571428572, 0.4449911542610133, 0.001039638453394971, 69.0, 1828.0], [0.13999999999999999, 0.511875, 0.6286199687678741, 0.0005485118619633504, 12.0, 326.0], [0.15, 0.4723529411764706, 0.73171324326224, 0.0002861522793327767, 33.0, 876.0], [0.15999999999999998, 0.48975, 0.801238543446026, 0.0002075846785100558, 9.0, 271.0], [0.16999999999999998, 0.41375, 0.8542562064096462, 0.00029948644663496774, 4.0, 121.0], [0.18, 0.44125, 0.8950105592040766, 0.000542092126697143, 2.0, 71.0]]}