{"parameters": {"w": 6, "ki": 0.08, "kf": 0.18, "ka": 11, "l": 1.0, "o": 30, "m": 800, "f": null}, "start_time": "Mon Dec 20 20:20:31 2021", "current_time": "Mon Dec 20 20:20:37 2021", "run_time_in_seconds": 5, "measurements": 800, "moves_per_measurement": 2, "kappa_latest": 0.18, "mean_latest": 0.509375, "err_latest": 0.8824569417156187, "correlation_time_latest": 0.0010947247819726813, "full_results": [[0.08, 0.7215625, 0.026327767524613098, 0.0007863687849379437, 7.0, 9.0], [0.09, 0.7025, 0.028189666609276333, 0.0011547234980679038, 7.0, 9.0], [0.1, 0.7131944444444445, 0.03406473151805055, 0.0012225814986274299, 18.0, 19.0], [0.11, 0.68875, 0.04208619384600876, 0.0028164795404172645, 6.0, 7.0], [0.12, 0.7022115384615385, 0.05784767299703086, 0.0016255615871882357, 26.0, 28.0], [0.13, 0.6836363636363636, 0.1196478073011971, 0.005003643778532371, 21.0, 24.0], [0.13999999999999999, 0.6491911764705882, 0.44491233266268926, 0.003945051515607298, 34.0, 36.0], [0.15, 0.6121153846153846, 0.6377146133268395, 0.0023001932701520464, 25.0, 28.0], [0.15999999999999998, 0.57375, 0.7475165942043758, 0.001906593470891649, 8.0, 9.0], [0.16999999999999998, 0.56675, 0.8235577491178177, 0.0007272450322314086, 9.0, 11.0], [0.18, 0.509375, 0.8824569417156187, 0.0010947247819726813, 3.0, 5.0]]}