{"parameters": {"w": 4, "ki": 0.08, "kf": 0.18, "ka": 11, "l": 1.5, "o": 30, "m": 800, "f": null}, "start_time": "Mon Dec 20 20:15:15 2021", "current_time": "Mon Dec 20 20:15:17 2021", "run_time_in_seconds": 2, "measurements": 800, "moves_per_measurement": 1, "kappa_latest": 0.18, "mean_latest": 0.7175, "err_latest": 0.8951831591575627, "correlation_time_latest": 0.0021300946540684833, "full_results": [[0.08, 0.796875, 0.0687938980676736, 0.0015670663876490118, 16.0, 14.0], [0.09, 0.795, 0.07807780591729546, 0.004257906954922967, 7.0, 7.0], [0.1, 0.8003571428571429, 0.08770134797176485, 0.0036282950492819623, 13.0, 12.0], [0.11, 0.7783928571428571, 0.1271288486167017, 0.007983612903767841, 13.0, 12.0], [0.12, 0.79078125, 0.19761328610725362, 0.01567018422161445, 16.0, 14.0], [0.13, 0.7729807692307692, 0.40261817839959624, 0.01356801097775577, 26.0, 22.0], [0.13999999999999999, 0.76075, 0.6069277529595697, 0.0062296780709125, 10.0, 9.0], [0.15, 0.73625, 0.7392039897530523, 0.0026082006888821694, 7.0, 7.0], [0.15999999999999998, 0.73, 0.8017958384857058, 0.002341352813647618, 5.0, 5.0], [0.16999999999999998, 0.6991666666666667, 0.855064301677389, 0.0019941982103597717, 5.0, 5.0], [0.18, 0.7175, 0.8951831591575627, 0.0021300946540684833, 1.0, 2.0]]}