{"parameters": {"w": 11, "ki": 0.08, "kf": 0.18, "ka": 11, "l": 2.0, "o": 30, "m": 800, "f": null}, "start_time": "Tue Dec 21 01:14:23 2021", "current_time": "Tue Dec 21 01:15:15 2021", "run_time_in_seconds": 51, "measurements": 800, "moves_per_measurement": 2, "kappa_latest": 0.18, "mean_latest": 0.52875, "err_latest": 0.9132124426142267, "correlation_time_latest": 0.0004779422582177621, "full_results": [[0.08, 0.6660714285714285, 0.010274538285169521, 0.0006297528559528791, 14.0, 166.0], [0.09, 0.650875, 0.012187167498146993, 0.0007106296062807323, 19.0, 235.0], [0.1, 0.6553333333333333, 0.01711891137842002, 0.0006267441664408326, 30.0, 348.0], [0.11, 0.6560416666666666, 0.026819585013472765, 0.001985044234043321, 23.0, 280.0], [0.12, 0.6334090909090909, 0.418911425952329, 0.001969889101538363, 66.0, 733.0], [0.13, 0.6088095238095238, 0.6211158764382098, 0.0006247563763312386, 41.0, 462.0], [0.13999999999999999, 0.5875, 0.7242753502542064, 0.0011096264832939006, 4.0, 52.0], [0.15, 0.55575, 0.7954254896562569, 0.00039195768666601427, 9.0, 115.0], [0.15999999999999998, 0.5625, 0.8440675729887598, 0.0003253197496098604, 6.0, 72.0], [0.16999999999999998, 0.575, 0.8820704172472185, 0.00035263703878972587, 4.0, 51.0], [0.18, 0.52875, 0.9132124426142267, 0.0004779422582177621, 4.0, 51.0]]}