{"parameters": {"w": 14, "ki": 0.08, "kf": 0.18, "ka": 11, "l": 1.0, "o": 30, "m": 800, "f": null}, "start_time": "Wed Dec 22 05:13:32 2021", "current_time": "Wed Dec 22 05:16:32 2021", "run_time_in_seconds": 180, "measurements": 800, "moves_per_measurement": 3, "kappa_latest": 0.18, "mean_latest": 0.5470833333333334, "err_latest": 0.8833639950454749, "correlation_time_latest": 0.00021826234598261774, "full_results": [[0.08, 0.7420833333333333, 0.00493761421297255, 0.0002027255121720571, 5.0, 180.0], [0.09, 0.7345833333333334, 0.00583613816422873, 0.00024408715852323182, 6.0, 183.0], [0.1, 0.7173611111111111, 0.0061892820613370795, 0.0002406333352133715, 17.0, 502.0], [0.11, 0.72425, 0.00783525789968342, 0.0004524982268978347, 10.0, 289.0], [0.12, 0.7170833333333333, 0.01078653427287711, 0.0006357254068305665, 12.0, 343.0], [0.13, 0.7083695652173913, 0.024886389183334166, 0.0015226628927405576, 46.0, 1248.0], [0.13999999999999999, 0.6698263888888889, 0.4518264585220577, 0.0004696823946947118, 71.0, 1931.0], [0.15, 0.636875, 0.6379380366279385, 0.0006720820513475196, 8.0, 234.0], [0.15999999999999998, 0.633125, 0.7471964143800781, 0.0004812491500603361, 4.0, 128.0], [0.16999999999999998, 0.583125, 0.8242660839140316, 0.00036490846160508613, 4.0, 128.0], [0.18, 0.5470833333333334, 0.8833639950454749, 0.00021826234598261774, 5.0, 180.0]]}