{"parameters": {"w": 5, "ki": 0.08, "kf": 0.18, "ka": 11, "l": 1.5, "o": 30, "m": 800, "f": null}, "start_time": "Mon Dec 20 20:16:59 2021", "current_time": "Mon Dec 20 20:17:06 2021", "run_time_in_seconds": 7, "measurements": 800, "moves_per_measurement": 3, "kappa_latest": 0.18, "mean_latest": 0.6020833333333333, "err_latest": 0.8963488559955823, "correlation_time_latest": 0.0018050172222441984, "full_results": [[0.08, 0.7390625, 0.04375771573736624, 0.0013611327547711138, 8.0, 9.0], [0.09, 0.7305, 0.05110197486183493, 0.0027223701202585926, 19.0, 21.0], [0.1, 0.7352777777777778, 0.06231505672287303, 0.002333067195570518, 17.0, 19.0], [0.11, 0.7350657894736842, 0.07749235763895455, 0.0033049751101649864, 37.0, 40.0], [0.12, 0.7210576923076923, 0.15313123538535922, 0.01496706860625986, 25.0, 27.0], [0.13, 0.703375, 0.4183098803550297, 0.007403404653759761, 59.0, 62.0], [0.13999999999999999, 0.6780357142857143, 0.6242460962738516, 0.00295213485039896, 13.0, 15.0], [0.15, 0.6458333333333334, 0.7309540883308185, 0.0031115402753405202, 6.0, 7.0], [0.15999999999999998, 0.6291666666666667, 0.8012871082755699, 0.002637380903528485, 5.0, 7.0], [0.16999999999999998, 0.6191666666666666, 0.8558856220213155, 0.001454179334483954, 5.0, 7.0], [0.18, 0.6020833333333333, 0.8963488559955823, 0.0018050172222441984, 5.0, 7.0]]}