{"parameters": {"w": 14, "ki": 0.08, "kf": 0.18, "ka": 11, "l": 1.0, "o": 30, "m": 800, "f": null}, "start_time": "Tue Dec 21 11:45:53 2021", "current_time": "Tue Dec 21 11:47:54 2021", "run_time_in_seconds": 121, "measurements": 800, "moves_per_measurement": 2, "kappa_latest": 0.18, "mean_latest": 0.53625, "err_latest": 0.8831181791313453, "correlation_time_latest": 0.00028762928632036647, "full_results": [[0.08, 0.7290625, 0.004987316781699406, 0.0002233470533430014, 8.0, 234.0], [0.09, 0.7257142857142858, 0.005674474575913095, 0.00019348280523413192, 13.0, 398.0], [0.1, 0.720625, 0.006241047262331838, 0.0001939216625426476, 15.0, 452.0], [0.11, 0.7026388888888889, 0.008367256410787133, 0.0001628253135109199, 17.0, 505.0], [0.12, 0.7186607142857143, 0.010333996786212631, 0.0003529108592330481, 27.0, 773.0], [0.13, 0.7122727272727273, 0.0203350627901933, 0.002143544286738947, 21.0, 611.0], [0.13999999999999999, 0.6669444444444445, 0.4510841300954985, 0.000449535293005957, 71.0, 1885.0], [0.15, 0.6265625, 0.6379593434240297, 0.00048628426485023947, 8.0, 225.0], [0.15999999999999998, 0.595, 0.7476644169014004, 0.0003108815011933308, 2.0, 72.0], [0.16999999999999998, 0.5828125, 0.823960483234924, 0.00020046175848795558, 8.0, 222.0], [0.18, 0.53625, 0.8831181791313453, 0.00028762928632036647, 3.0, 121.0]]}