{"parameters": {"w": 17, "ki": 0.08, "kf": 0.18, "ka": 11, "l": 1.0, "o": 30, "m": 800, "f": null}, "start_time": "Wed Dec 22 15:39:30 2021", "current_time": "Wed Dec 22 15:45:33 2021", "run_time_in_seconds": 362, "measurements": 800, "moves_per_measurement": 2, "kappa_latest": 0.18, "mean_latest": 0.58, "err_latest": 0.8830782322752698, "correlation_time_latest": 0.00017563074804801123, "full_results": [[0.08, 0.72375, 0.0031655916006284508, 8.236314710154484e-05, 5.0, 517.0], [0.09, 0.7375, 0.0036628204313306064, 8.332464377881951e-05, 6.0, 527.0], [0.1, 0.74975, 0.004378908917407091, 8.610767848047167e-05, 9.0, 833.0], [0.11, 0.7363888888888889, 0.005007065309588456, 7.148164703407578e-05, 17.0, 1448.0], [0.12, 0.72125, 0.006748933917114964, 0.00022220335116484774, 20.0, 1600.0], [0.13, 0.7246428571428571, 0.012961149792602863, 0.001333220227027916, 14.0, 1141.0], [0.13999999999999999, 0.6928819444444444, 0.4510049293904337, 0.00033103570213335203, 71.0, 5496.0], [0.15, 0.6604166666666667, 0.637940080493743, 0.0002477117091979942, 5.0, 513.0], [0.15999999999999998, 0.6273611111111111, 0.7473472268398853, 0.00016899955031348776, 17.0, 1406.0], [0.16999999999999998, 0.609375, 0.8238243066877112, 0.0002616058486363561, 4.0, 362.0], [0.18, 0.58, 0.8830782322752698, 0.00017563074804801123, 3.0, 362.0]]}