{"parameters": {"w": 10, "ki": 0.08, "kf": 0.18, "ka": 11, "l": 1.0, "o": 30, "m": 800, "f": null}, "start_time": "Mon Dec 20 22:27:25 2021", "current_time": "Mon Dec 20 22:27:55 2021", "run_time_in_seconds": 29, "measurements": 800, "moves_per_measurement": 2, "kappa_latest": 0.18, "mean_latest": 0.5425, "err_latest": 0.8842100574372724, "correlation_time_latest": 0.0004250670959563497, "full_results": [[0.08, 0.725, 0.009430293472860913, 0.00043248425076095634, 7.0, 55.0], [0.09, 0.7271875, 0.009958887030793392, 0.0005272682618889767, 8.0, 56.0], [0.1, 0.71925, 0.01273330754699518, 0.00030042908207752886, 9.0, 68.0], [0.11, 0.7204166666666667, 0.01562113177808842, 0.0006909793947536737, 12.0, 81.0], [0.12, 0.727, 0.02252637634613871, 0.0013952157528070205, 9.0, 68.0], [0.13, 0.7120535714285714, 0.040301086614291784, 0.003227593010915181, 28.0, 182.0], [0.13999999999999999, 0.6666666666666666, 0.4511946403644284, 0.0007486551339826239, 65.0, 411.0], [0.15, 0.621875, 0.6392528015645078, 0.0008294529970899854, 20.0, 127.0], [0.15999999999999998, 0.6071875, 0.747220686904742, 0.0006100748129156491, 7.0, 53.0], [0.16999999999999998, 0.56, 0.8236954258433951, 0.0004925717099965553, 5.0, 41.0], [0.18, 0.5425, 0.8842100574372724, 0.0004250670959563497, 3.0, 29.0]]}