{"parameters": {"w": 15, "ki": 0.08, "kf": 0.18, "ka": 11, "l": 2.0, "o": 30, "m": 800, "f": null}, "start_time": "Wed Dec 22 14:23:29 2021", "current_time": "Wed Dec 22 14:26:39 2021", "run_time_in_seconds": 189, "measurements": 800, "moves_per_measurement": 2, "kappa_latest": 0.18, "mean_latest": 0.51875, "err_latest": 0.9126141554395464, "correlation_time_latest": 0.00017058297336716916, "full_results": [[0.08, 0.6088461538461538, 0.0057692540492077105, 0.0001710215487445979, 25.0, 1059.0], [0.09, 0.60359375, 0.006120602034802729, 0.00024849842302155674, 16.0, 667.0], [0.1, 0.596, 0.008318963739897513, 0.0006612101192400279, 20.0, 826.0], [0.11, 0.6003571428571428, 0.01724169172058406, 0.0026103506644689846, 13.0, 587.0], [0.12, 0.5777430555555556, 0.41605002092515797, 0.0033390285673816755, 71.0, 2866.0], [0.13, 0.5441071428571429, 0.6209372603994694, 0.0004643375167945912, 41.0, 1680.0], [0.13999999999999999, 0.52625, 0.7260205455271364, 0.00043526296724577795, 8.0, 347.0], [0.15, 0.4959722222222222, 0.7950267458812387, 0.00021396320812054108, 17.0, 738.0], [0.15999999999999998, 0.4809375, 0.8442439588522289, 0.0001880300232804156, 7.0, 346.0], [0.16999999999999998, 0.509375, 0.8823047967395024, 0.00013022867368893282, 4.0, 192.0], [0.18, 0.51875, 0.9126141554395464, 0.00017058297336716916, 3.0, 189.0]]}