{"parameters": {"w": 16, "ki": 0.08, "kf": 0.18, "ka": 11, "l": 1.5, "o": 30, "m": 800, "f": null}, "start_time": "Wed Dec 22 15:25:07 2021", "current_time": "Wed Dec 22 15:29:02 2021", "run_time_in_seconds": 235, "measurements": 800, "moves_per_measurement": 2, "kappa_latest": 0.18, "mean_latest": 0.52375, "err_latest": 0.894806751052726, "correlation_time_latest": 0.00010456437031813554, "full_results": [[0.08, 0.6524305555555555, 0.004339969256648358, 0.00017793378892078029, 35.0, 1932.0], [0.09, 0.6552777777777777, 0.004915424966795653, 0.0002993891727327792, 17.0, 992.0], [0.1, 0.6620833333333334, 0.006147042834973798, 0.0002445116542508622, 24.0, 1307.0], [0.11, 0.645625, 0.008072637761605935, 0.0005040587841302692, 23.0, 1307.0], [0.12, 0.6503409090909091, 0.016131774686817358, 0.001956119747173225, 44.0, 2355.0], [0.13, 0.614140625, 0.44416759882922924, 0.0009431041647065624, 63.0, 3269.0], [0.13999999999999999, 0.5554166666666667, 0.6292591178527992, 0.0005227923522616615, 5.0, 339.0], [0.15, 0.5463888888888889, 0.7318901848607147, 0.0002245219106460363, 17.0, 922.0], [0.15999999999999998, 0.5529166666666666, 0.8016602772281765, 0.00024900017114975044, 6.0, 334.0], [0.16999999999999998, 0.534375, 0.8534963573775054, 0.0002582076382207533, 4.0, 236.0], [0.18, 0.52375, 0.894806751052726, 0.00010456437031813554, 4.0, 235.0]]}