{"parameters": {"w": 17, "ki": 0.08, "kf": 0.18, "ka": 11, "l": 2.0, "o": 30, "m": 800, "f": null}, "start_time": "Wed Dec 22 16:19:43 2021", "current_time": "Wed Dec 22 16:26:33 2021", "run_time_in_seconds": 410, "measurements": 800, "moves_per_measurement": 3, "kappa_latest": 0.18, "mean_latest": 0.3416666666666667, "err_latest": 0.9127692665111491, "correlation_time_latest": 0.00013362587739571244, "full_results": [[0.08, 0.49895833333333334, 0.004562600604924456, 0.00018848841541729212, 12.0, 789.0], [0.09, 0.5075, 0.0048104685610965234, 0.00015479583155048567, 27.0, 1788.0], [0.1, 0.5045, 0.0069571413981657365, 0.00034040551710818007, 30.0, 1912.0], [0.11, 0.4898125, 0.012323995558256213, 0.0014632316574763099, 39.0, 2533.0], [0.12, 0.48175, 0.4126733734103061, 0.004942186287852043, 59.0, 3712.0], [0.13, 0.4459375, 0.6214386316482108, 0.00028645668753703933, 24.0, 1498.0], [0.13999999999999999, 0.395, 0.7264126536285561, 0.00017477357796918665, 17.0, 1133.0], [0.15, 0.3945, 0.7949789482092909, 0.00023759324667964947, 9.0, 651.0], [0.15999999999999998, 0.37133333333333335, 0.8444425299648994, 7.987882614137234e-05, 29.0, 1844.0], [0.16999999999999998, 0.3358333333333333, 0.8824206446323807, 0.0001728655956903697, 5.0, 410.0], [0.18, 0.3416666666666667, 0.9127692665111491, 0.00013362587739571244, 5.0, 410.0]]}