{"parameters": {"w": 10, "ki": 0.08, "kf": 0.18, "ka": 11, "l": 2.0, "o": 30, "m": 800, "f": null}, "start_time": "Mon Dec 20 22:50:49 2021", "current_time": "Mon Dec 20 22:51:39 2021", "run_time_in_seconds": 50, "measurements": 800, "moves_per_measurement": 3, "kappa_latest": 0.18, "mean_latest": 0.46708333333333335, "err_latest": 0.9125575463744438, "correlation_time_latest": 0.0002455983541391783, "full_results": [[0.08, 0.6089880952380953, 0.0125222206897441, 0.0003097802224634167, 41.0, 316.0], [0.09, 0.6034821428571429, 0.013553366775729676, 0.0006705388448682085, 28.0, 213.0], [0.1, 0.6022916666666667, 0.02068553713241145, 0.0015314458395566614, 11.0, 95.0], [0.11, 0.5889583333333334, 0.04891531422626731, 0.007990224612561093, 11.0, 95.0], [0.12, 0.5743951612903225, 0.41769475126284866, 0.002837704813758384, 61.0, 463.0], [0.13, 0.5585714285714286, 0.6191987621637218, 0.0011650364529821019, 14.0, 109.0], [0.13999999999999999, 0.53025, 0.7264320798816769, 0.000845900661577389, 9.0, 79.0], [0.15, 0.49391666666666667, 0.7953073931316323, 0.0002652675956994623, 29.0, 225.0], [0.15999999999999998, 0.49291666666666667, 0.8444951151837488, 0.0003415217711818664, 5.0, 50.0], [0.16999999999999998, 0.47875, 0.8825310025395691, 0.0004640961131210989, 4.0, 35.0], [0.18, 0.46708333333333335, 0.9125575463744438, 0.0002455983541391783, 5.0, 50.0]]}