{"parameters": {"w": 12, "ki": 0.08, "kf": 0.18, "ka": 11, "l": 1.0, "o": 30, "m": 800, "f": null}, "start_time": "Tue Dec 21 02:05:40 2021", "current_time": "Tue Dec 21 02:06:39 2021", "run_time_in_seconds": 58, "measurements": 800, "moves_per_measurement": 2, "kappa_latest": 0.18, "mean_latest": 0.513125, "err_latest": 0.8833603766028963, "correlation_time_latest": 0.00029375541884908127, "full_results": [[0.08, 0.7120833333333333, 0.006583366594159483, 0.00026566269352870127, 6.0, 86.0], [0.09, 0.699375, 0.00753718819111074, 0.00029639829239883644, 7.0, 113.0], [0.1, 0.70625, 0.008208467022361058, 0.0003297599865823455, 7.0, 114.0], [0.11, 0.703125, 0.010567023523273811, 0.0005074434959981509, 12.0, 166.0], [0.12, 0.6925, 0.01327390969813825, 0.0006438220742912413, 16.0, 216.0], [0.13, 0.68796875, 0.028210610150353078, 0.0015577316981346383, 47.0, 627.0], [0.13999999999999999, 0.646875, 0.45088117563759544, 0.0006412164118058507, 68.0, 855.0], [0.15, 0.624, 0.6370951353484477, 0.0005373862024719686, 10.0, 132.0], [0.15999999999999998, 0.564375, 0.7468309232260013, 0.0006318420532193007, 4.0, 59.0], [0.16999999999999998, 0.5485, 0.8239782154975914, 0.0001979866454593594, 9.0, 130.0], [0.18, 0.513125, 0.8833603766028963, 0.00029375541884908127, 4.0, 58.0]]}