{"parameters": {"w": 16, "ki": 0.08, "kf": 0.18, "ka": 11, "l": 2.0, "o": 30, "m": 800, "f": null}, "start_time": "Wed Dec 22 14:59:28 2021", "current_time": "Wed Dec 22 15:03:01 2021", "run_time_in_seconds": 212, "measurements": 800, "moves_per_measurement": 2, "kappa_latest": 0.18, "mean_latest": 0.4275, "err_latest": 0.9125914003822345, "correlation_time_latest": 0.00022279360296652146, "full_results": [[0.08, 0.5588888888888889, 0.004641598603968668, 0.00019106484827444267, 18.0, 846.0], [0.09, 0.55140625, 0.005111431922584776, 0.00027222699084914013, 15.0, 761.0], [0.1, 0.5443181818181818, 0.007163721930225353, 0.0003419340663195173, 44.0, 2023.0], [0.11, 0.5416176470588235, 0.013606377633320562, 0.0009879882977217884, 33.0, 1571.0], [0.12, 0.5303308823529411, 0.4110716300552542, 0.005977591109720754, 67.0, 3080.0], [0.13, 0.49052083333333335, 0.6202276055253495, 0.0002996749425361115, 23.0, 1106.0], [0.13999999999999999, 0.5025, 0.7261619773069096, 0.00042809594057014003, 8.0, 390.0], [0.15, 0.4538888888888889, 0.7950016194277817, 0.00027149503789534665, 18.0, 825.0], [0.15999999999999998, 0.41791666666666666, 0.8442508846639625, 0.00014172322231938652, 5.0, 300.0], [0.16999999999999998, 0.4216666666666667, 0.8822712973310745, 8.359022844091472e-05, 11.0, 561.0], [0.18, 0.4275, 0.9125914003822345, 0.00022279360296652146, 3.0, 212.0]]}