{"parameters": {"w": 15, "ki": 0.08, "kf": 0.18, "ka": 11, "l": 1.5, "o": 30, "m": 800, "f": null}, "start_time": "Wed Dec 22 10:01:16 2021", "current_time": "Wed Dec 22 10:03:57 2021", "run_time_in_seconds": 160, "measurements": 800, "moves_per_measurement": 2, "kappa_latest": 0.18, "mean_latest": 0.333125, "err_latest": 0.895319788910974, "correlation_time_latest": 0.00032166615380709534, "full_results": [[0.08, 0.5372916666666666, 0.004775151933046994, 0.00033811826373916087, 12.0, 428.0], [0.09, 0.56625, 0.005699348122515055, 0.000323837553961302, 7.0, 298.0], [0.1, 0.5370535714285715, 0.006410165864805995, 0.0002736852930690285, 27.0, 970.0], [0.11, 0.5341911764705882, 0.008880791264129778, 0.0002847740140363932, 34.0, 1171.0], [0.12, 0.5332857142857143, 0.02042132312523499, 0.0016667966879051032, 69.0, 2378.0], [0.13, 0.48787037037037034, 0.44045880918408464, 0.005512035811006997, 53.0, 1832.0], [0.13999999999999999, 0.424375, 0.6280685112464932, 0.0006051681030644981, 8.0, 295.0], [0.15, 0.4475, 0.7310247717782399, 0.0005452033870524969, 4.0, 161.0], [0.15999999999999998, 0.40525, 0.8016073145678633, 0.000213100730526745, 10.0, 360.0], [0.16999999999999998, 0.3755921052631579, 0.853717444354691, 0.00013602750442130411, 37.0, 1286.0], [0.18, 0.333125, 0.895319788910974, 0.00032166615380709534, 4.0, 160.0]]}