{"parameters": {"w": 9, "ki": 0.08, "kf": 0.18, "ka": 11, "l": 2.0, "o": 30, "m": 800, "f": null}, "start_time": "Mon Dec 20 22:02:40 2021", "current_time": "Mon Dec 20 22:02:55 2021", "run_time_in_seconds": 15, "measurements": 800, "moves_per_measurement": 1, "kappa_latest": 0.18, "mean_latest": 0.5325, "err_latest": 0.912634450591342, "correlation_time_latest": 0.0005931596881119911, "full_results": [[0.08, 0.67375, 0.014509288872748221, 0.0008264950200724722, 7.0, 49.0], [0.09, 0.67484375, 0.018324467740249786, 0.0007417672632017672, 15.0, 95.0], [0.1, 0.668125, 0.021839137158206245, 0.0009748763948289077, 23.0, 140.0], [0.11, 0.6646428571428571, 0.045973701861887054, 0.0038979019990015404, 28.0, 163.0], [0.12, 0.6478515625, 0.4153649624477588, 0.00312088134539145, 63.0, 358.0], [0.13, 0.61875, 0.6226702609372159, 0.0008856256818635246, 13.0, 81.0], [0.13999999999999999, 0.59125, 0.7280624994486198, 0.0006709912253071797, 18.0, 102.0], [0.15, 0.5889583333333334, 0.7952879161096311, 0.0009081589088752495, 11.0, 69.0], [0.15999999999999998, 0.575, 0.8435900623290611, 0.0004628277612986448, 5.0, 37.0], [0.16999999999999998, 0.539375, 0.8831716730212571, 0.0004303392821861214, 3.0, 26.0], [0.18, 0.5325, 0.912634450591342, 0.0005931596881119911, 2.0, 15.0]]}