{"parameters": {"w": 17, "ki": 0.08, "kf": 0.18, "ka": 11, "l": 1.5, "o": 30, "m": 800, "f": null}, "start_time": "Wed Dec 22 16:44:41 2021", "current_time": "Wed Dec 22 16:53:05 2021", "run_time_in_seconds": 503, "measurements": 800, "moves_per_measurement": 3, "kappa_latest": 0.18, "mean_latest": 0.45375, "err_latest": 0.8950352456866849, "correlation_time_latest": 0.00011878633857927568, "full_results": [[0.08, 0.6259375, 0.003967113749430262, 0.0001963321402578818, 8.0, 664.0], [0.09, 0.61828125, 0.004105712652093511, 8.547046737868525e-05, 16.0, 1280.0], [0.1, 0.6104166666666667, 0.00501254390340498, 0.00020730689218968168, 11.0, 977.0], [0.11, 0.6159821428571428, 0.007501735849760755, 0.0003665284795445858, 28.0, 2191.0], [0.12, 0.6055288461538462, 0.014041320448385112, 0.0010000740205764567, 51.0, 4001.0], [0.13, 0.564125, 0.44412061990443713, 0.0015064334905373995, 60.0, 4537.0], [0.13999999999999999, 0.53671875, 0.6292524387225094, 0.0003426933608820281, 32.0, 2442.0], [0.15, 0.51175, 0.7318812877150304, 0.000241884316313342, 10.0, 805.0], [0.15999999999999998, 0.49125, 0.8015031954320408, 0.00021364773820911715, 5.0, 505.0], [0.16999999999999998, 0.47625, 0.8537425721664432, 0.00010977587688812895, 4.0, 357.0], [0.18, 0.45375, 0.8950352456866849, 0.00011878633857927568, 5.0, 503.0]]}