{"parameters": {"w": 4, "ki": 0.08, "kf": 0.18, "ka": 11, "l": 2.0, "o": 30, "m": 800, "f": null}, "start_time": "Mon Dec 20 20:16:17 2021", "current_time": "Mon Dec 20 20:16:21 2021", "run_time_in_seconds": 4, "measurements": 800, "moves_per_measurement": 2, "kappa_latest": 0.18, "mean_latest": 0.635625, "err_latest": 0.9120594475279841, "correlation_time_latest": 0.001452337821200938, "full_results": [[0.08, 0.730625, 0.0798852711387816, 0.0034397220143836224, 15.0, 14.0], [0.09, 0.7230555555555556, 0.0931085256349641, 0.004984689444939474, 17.0, 16.0], [0.1, 0.7290625, 0.11580173132514897, 0.005709431079954377, 16.0, 14.0], [0.11, 0.7259615384615384, 0.18814058696251515, 0.014510159595226972, 25.0, 22.0], [0.12, 0.7054296875, 0.37161806162041777, 0.017276845950202374, 63.0, 54.0], [0.13, 0.6771428571428572, 0.622914841764638, 0.005443455397444562, 27.0, 24.0], [0.13999999999999999, 0.6728125, 0.720892303224094, 0.0056932978505717735, 7.0, 7.0], [0.15, 0.6665625, 0.7942498699068061, 0.003789456606802355, 7.0, 7.0], [0.15999999999999998, 0.671875, 0.8404761203573727, 0.004740078816358417, 4.0, 4.0], [0.16999999999999998, 0.63125, 0.8891650582337423, 0.0026771620426317626, 5.0, 5.0], [0.18, 0.635625, 0.9120594475279841, 0.001452337821200938, 3.0, 4.0]]}