{"parameters": {"w": 9, "ki": 0.08, "kf": 0.18, "ka": 11, "l": 1.5, "o": 30, "m": 800, "f": null}, "start_time": "Mon Dec 20 21:32:21 2021", "current_time": "Mon Dec 20 21:32:42 2021", "run_time_in_seconds": 21, "measurements": 800, "moves_per_measurement": 2, "kappa_latest": 0.18, "mean_latest": 0.35375, "err_latest": 0.8950696662070484, "correlation_time_latest": 0.0006537146938789543, "full_results": [[0.08, 0.56, 0.013212937762101981, 0.0006769055236924091, 7.0, 38.0], [0.09, 0.5715277777777777, 0.015596881648891819, 0.0007562823213217457, 18.0, 82.0], [0.1, 0.56425, 0.017940447241952956, 0.0009898670418774683, 9.0, 47.0], [0.11, 0.5565909090909091, 0.024480029963157908, 0.001936961670531486, 22.0, 99.0], [0.12, 0.5554545454545454, 0.050075399532023404, 0.0046767129971946935, 22.0, 99.0], [0.13, 0.5116911764705883, 0.44798440018040325, 0.0007942287175180029, 68.0, 299.0], [0.13999999999999999, 0.4825, 0.6306162750182873, 0.0009692915568285076, 20.0, 90.0], [0.15, 0.44175, 0.730944103803892, 0.0008743358272661861, 9.0, 47.0], [0.15999999999999998, 0.4508333333333333, 0.8001329470592726, 0.0009691843067121125, 6.0, 29.0], [0.16999999999999998, 0.41125, 0.8532384463595045, 0.0005026818475283671, 5.0, 29.0], [0.18, 0.35375, 0.8950696662070484, 0.0006537146938789543, 3.0, 21.0]]}