{"parameters": {"w": 10, "ki": 0.08, "kf": 0.18, "ka": 11, "l": 1.5, "o": 30, "m": 800, "f": null}, "start_time": "Mon Dec 20 22:43:39 2021", "current_time": "Mon Dec 20 22:44:15 2021", "run_time_in_seconds": 36, "measurements": 800, "moves_per_measurement": 2, "kappa_latest": 0.18, "mean_latest": 0.548125, "err_latest": 0.8951637587986502, "correlation_time_latest": 0.00033799086089435237, "full_results": [[0.08, 0.695625, 0.010519077113931078, 0.00028792261159579286, 7.0, 65.0], [0.09, 0.6899038461538461, 0.012399624961673014, 0.00032312023272680737, 26.0, 201.0], [0.1, 0.6875, 0.01526547823261722, 0.0007032207785949591, 18.0, 141.0], [0.11, 0.6864423076923077, 0.021145642189387515, 0.0007878484855793483, 26.0, 202.0], [0.12, 0.688515625, 0.041688146922253845, 0.002539943202158607, 32.0, 247.0], [0.13, 0.658448275862069, 0.4432796628949635, 0.002268999040335853, 58.0, 442.0], [0.13999999999999999, 0.6185416666666667, 0.6286908485204833, 0.0008810268308696037, 11.0, 96.0], [0.15, 0.597, 0.7319215886000036, 0.000572208825125226, 9.0, 81.0], [0.15999999999999998, 0.5975, 0.8007331695707185, 0.0005299371336739203, 6.0, 51.0], [0.16999999999999998, 0.5866666666666667, 0.8538154351809422, 0.0004508459628940203, 5.0, 51.0], [0.18, 0.548125, 0.8951637587986502, 0.00033799086089435237, 3.0, 36.0]]}