{"parameters": {"w": 5, "ki": 0.08, "kf": 0.18, "ka": 11, "l": 2.0, "o": 30, "m": 800, "f": null}, "start_time": "Mon Dec 20 20:16:21 2021", "current_time": "Mon Dec 20 20:16:27 2021", "run_time_in_seconds": 5, "measurements": 800, "moves_per_measurement": 2, "kappa_latest": 0.18, "mean_latest": 0.60375, "err_latest": 0.9108289761422448, "correlation_time_latest": 0.0015760751655760315, "full_results": [[0.08, 0.68625, 0.04921057803952382, 0.00261018772387467, 9.0, 12.0], [0.09, 0.686640625, 0.05943834262592053, 0.0016990453008222776, 31.0, 37.0], [0.1, 0.6840277777777778, 0.08183571225777325, 0.007567247023195886, 17.0, 21.0], [0.11, 0.6782954545454546, 0.1426613787370425, 0.015187306143613752, 22.0, 26.0], [0.12, 0.6680769230769231, 0.3912060174199059, 0.021136468909794884, 26.0, 30.0], [0.13, 0.6310714285714286, 0.6250158592608771, 0.0037810913226617696, 13.0, 16.0], [0.13999999999999999, 0.614, 0.7220758742625846, 0.0033330834621301546, 9.0, 12.0], [0.15, 0.62625, 0.7945018660270218, 0.0033226850696209697, 4.0, 5.0], [0.15999999999999998, 0.5870833333333333, 0.8441808615441346, 0.0016679738580038944, 5.0, 7.0], [0.16999999999999998, 0.58625, 0.8808937495704819, 0.0013739905556790601, 4.0, 5.0], [0.18, 0.60375, 0.9108289761422448, 0.0015760751655760315, 3.0, 5.0]]}