{"parameters": {"w": 6, "ki": 0.08, "kf": 0.18, "ka": 11, "l": 1.5, "o": 30, "m": 800, "f": null}, "start_time": "Mon Dec 20 20:23:10 2021", "current_time": "Mon Dec 20 20:23:16 2021", "run_time_in_seconds": 6, "measurements": 800, "moves_per_measurement": 2, "kappa_latest": 0.18, "mean_latest": 0.5375, "err_latest": 0.896145427623714, "correlation_time_latest": 0.001485977515030228, "full_results": [[0.08, 0.6890625, 0.028390588386355227, 0.0008595051189520926, 16.0, 21.0], [0.09, 0.68203125, 0.03436910185484971, 0.001913847110646777, 16.0, 21.0], [0.1, 0.6797115384615384, 0.041849164961858865, 0.0015753007692723019, 26.0, 33.0], [0.11, 0.6830952380952381, 0.05419343359148181, 0.0017233979061550993, 42.0, 54.0], [0.12, 0.675625, 0.11292191946018534, 0.00641382463253264, 39.0, 51.0], [0.13, 0.651875, 0.4421121568128338, 0.010029126010929295, 7.0, 11.0], [0.13999999999999999, 0.6066666666666667, 0.6291371609356646, 0.003445242618107178, 6.0, 8.0], [0.15, 0.5978846153846153, 0.729465129510151, 0.0011438786161362927, 25.0, 33.0], [0.15999999999999998, 0.576875, 0.8012095953090702, 0.002446674641833596, 4.0, 6.0], [0.16999999999999998, 0.5595833333333333, 0.8528125535941721, 0.0008545583299496374, 6.0, 8.0], [0.18, 0.5375, 0.896145427623714, 0.001485977515030228, 3.0, 6.0]]}