{"parameters": {"w": 7, "ki": 0.08, "kf": 0.18, "ka": 11, "l": 1.5, "o": 30, "m": 800, "f": null}, "start_time": "Mon Dec 20 20:31:21 2021", "current_time": "Mon Dec 20 20:31:31 2021", "run_time_in_seconds": 9, "measurements": 800, "moves_per_measurement": 2, "kappa_latest": 0.18, "mean_latest": 0.618125, "err_latest": 0.8956860164015976, "correlation_time_latest": 0.000933238247442844, "full_results": [[0.08, 0.7284375, 0.02277132949933224, 0.0006199127860378368, 8.0, 17.0], [0.09, 0.7356578947368421, 0.025210534875645695, 0.0008205763669633211, 37.0, 75.0], [0.1, 0.7225, 0.031146433372724262, 0.0009159964037377083, 16.0, 32.0], [0.11, 0.717, 0.042843219724586865, 0.002978643501037039, 10.0, 21.0], [0.12, 0.7283928571428572, 0.07807193292969211, 0.0059522216291418295, 28.0, 56.0], [0.13, 0.694140625, 0.43784109729923343, 0.0036699370099654983, 32.0, 63.0], [0.13999999999999999, 0.6760416666666667, 0.6313883661584337, 0.0021123422372124785, 11.0, 25.0], [0.15, 0.63875, 0.7329287796591819, 0.0014873698773554345, 12.0, 25.0], [0.15999999999999998, 0.621875, 0.8022502921104833, 0.0010431646594225355, 4.0, 9.0], [0.16999999999999998, 0.635625, 0.8543661240624992, 0.0009327107762774241, 4.0, 9.0], [0.18, 0.618125, 0.8956860164015976, 0.000933238247442844, 3.0, 9.0]]}