{"parameters": {"w": 3, "ki": 0.08, "kf": 0.18, "ka": 11, "l": 1.5, "o": 30, "m": 800, "f": null}, "start_time": "Mon Dec 20 20:15:25 2021", "current_time": "Mon Dec 20 20:15:27 2021", "run_time_in_seconds": 2, "measurements": 800, "moves_per_measurement": 1, "kappa_latest": 0.18, "mean_latest": 0.825, "err_latest": 0.8957658533447027, "correlation_time_latest": 0.005767947694691969, "full_results": [[0.08, 0.8770833333333333, 0.1288521611631501, 0.005463894937635299, 5.0, 5.0], [0.09, 0.87375, 0.1401074388599743, 0.004646141791679299, 9.0, 8.0], [0.1, 0.8719642857142857, 0.15939981879199022, 0.00556330363867176, 13.0, 11.0], [0.11, 0.87975, 0.2011193788699445, 0.005996375012718114, 19.0, 16.0], [0.12, 0.8669318181818182, 0.2801745092325135, 0.009619562886473821, 44.0, 35.0], [0.13, 0.860859375, 0.41198711094198864, 0.010148066237405688, 32.0, 26.0], [0.13999999999999999, 0.8495833333333334, 0.55896192329119, 0.027147828529199447, 6.0, 5.0], [0.15, 0.8258333333333333, 0.7167523392949382, 0.012671028731545152, 5.0, 5.0], [0.15999999999999998, 0.8108333333333333, 0.7976634817198243, 0.005748018661191793, 5.0, 5.0], [0.16999999999999998, 0.81625, 0.843951777585036, 0.006652869421612392, 1.0, 2.0], [0.18, 0.825, 0.8957658533447027, 0.005767947694691969, 1.0, 2.0]]}