{"parameters": {"w": 15, "ki": 0.08, "kf": 0.18, "ka": 11, "l": 1.0, "o": 30, "m": 800, "f": null}, "start_time": "Wed Dec 22 09:57:14 2021", "current_time": "Wed Dec 22 09:59:48 2021", "run_time_in_seconds": 154, "measurements": 800, "moves_per_measurement": 2, "kappa_latest": 0.18, "mean_latest": 0.491875, "err_latest": 0.8829950971766378, "correlation_time_latest": 0.00023455821797280598, "full_results": [[0.08, 0.67575, 0.004115075095351914, 0.00011094898664108748, 9.0, 366.0], [0.09, 0.675, 0.004785329609767448, 0.00025647456075023756, 9.0, 370.0], [0.1, 0.6815625, 0.005360969381834444, 0.0002326455759923405, 7.0, 302.0], [0.11, 0.68125, 0.006768025989678956, 0.00031004099663181183, 16.0, 574.0], [0.12, 0.6728472222222223, 0.009620953482056304, 0.0002363836900088094, 35.0, 1255.0], [0.13, 0.663, 0.01965076530457514, 0.0012193365459532237, 39.0, 1390.0], [0.13999999999999999, 0.6295833333333334, 0.4499738715370258, 0.0005239433906754013, 66.0, 2194.0], [0.15, 0.5886111111111111, 0.6383225888345648, 0.00019252029527205922, 18.0, 608.0], [0.15999999999999998, 0.53325, 0.7470638893144875, 0.0003823311618339625, 9.0, 347.0], [0.16999999999999998, 0.51625, 0.8238977136167029, 0.00019967981510103544, 3.0, 154.0], [0.18, 0.491875, 0.8829950971766378, 0.00023455821797280598, 4.0, 154.0]]}