{"parameters": {"w": 9, "ki": 0.08, "kf": 0.18, "ka": 11, "l": 1.0, "o": 30, "m": 800, "f": null}, "start_time": "Mon Dec 20 21:16:01 2021", "current_time": "Mon Dec 20 21:16:23 2021", "run_time_in_seconds": 21, "measurements": 800, "moves_per_measurement": 2, "kappa_latest": 0.18, "mean_latest": 0.530625, "err_latest": 0.8832476583282789, "correlation_time_latest": 0.0006101723673214146, "full_results": [[0.08, 0.704375, 0.012644852743867226, 0.00043839959517499876, 4.0, 21.0], [0.09, 0.7, 0.014311091153037572, 0.0007614088767540862, 6.0, 30.0], [0.1, 0.6970833333333334, 0.014839250904526067, 0.0006891268561755935, 6.0, 30.0], [0.11, 0.694375, 0.018689799513100923, 0.000673235460161355, 15.0, 75.0], [0.12, 0.7082142857142857, 0.0242785448366285, 0.0016578335797371802, 14.0, 66.0], [0.13, 0.6821323529411765, 0.049207761186009766, 0.00308773125525553, 34.0, 156.0], [0.13999999999999999, 0.65546875, 0.4482921666789939, 0.0022071107868916313, 31.0, 147.0], [0.15, 0.60859375, 0.6378999176600629, 0.0009056285059278376, 15.0, 75.0], [0.15999999999999998, 0.5878125, 0.7468014890810248, 0.0009669094921028283, 7.0, 39.0], [0.16999999999999998, 0.5633333333333334, 0.8238066418425424, 0.0007557120106686713, 5.0, 30.0], [0.18, 0.530625, 0.8832476583282789, 0.0006101723673214146, 3.0, 21.0]]}