{"parameters": {"w": 8, "ki": 0.08, "kf": 0.18, "ka": 11, "l": 2.0, "o": 30, "m": 800, "f": null}, "start_time": "Mon Dec 20 20:59:30 2021", "current_time": "Mon Dec 20 20:59:47 2021", "run_time_in_seconds": 16, "measurements": 800, "moves_per_measurement": 3, "kappa_latest": 0.18, "mean_latest": 0.3925, "err_latest": 0.9133255020227973, "correlation_time_latest": 0.0003423270523385342, "full_results": [[0.08, 0.5581521739130435, 0.01952633663090325, 0.0005778563298693816, 45.0, 113.0], [0.09, 0.5539473684210526, 0.023475212360448666, 0.0006332230641142014, 37.0, 94.0], [0.1, 0.54109375, 0.033897493435650496, 0.0020463584620769026, 31.0, 79.0], [0.11, 0.5430555555555555, 0.05872326129500437, 0.006267243812372231, 35.0, 89.0], [0.12, 0.5182954545454546, 0.4113198912950106, 0.0036027943272833977, 66.0, 162.0], [0.13, 0.492875, 0.6174747841691879, 0.002743272562657251, 20.0, 50.0], [0.13999999999999999, 0.461, 0.7251779781366829, 0.0012716079609425648, 10.0, 26.0], [0.15, 0.4683333333333333, 0.7941572506230272, 0.001121517647842943, 6.0, 16.0], [0.15999999999999998, 0.4375, 0.8435428717824587, 0.0007781442511058855, 6.0, 16.0], [0.16999999999999998, 0.40580357142857143, 0.882364829876804, 0.0003495027578028123, 28.0, 69.0], [0.18, 0.3925, 0.9133255020227973, 0.0003423270523385342, 6.0, 16.0]]}