{"parameters": {"w": 16, "ki": 0.08, "kf": 0.18, "ka": 11, "l": 1.0, "o": 30, "m": 800, "f": null}, "start_time": "Wed Dec 22 13:57:21 2021", "current_time": "Wed Dec 22 14:09:20 2021", "run_time_in_seconds": 719, "measurements": 800, "moves_per_measurement": 8, "kappa_latest": 0.18, "mean_latest": 0.44390625, "err_latest": 0.8832945512134192, "correlation_time_latest": 0.00012945824257670652, "full_results": [[0.08, 0.643, 0.003726720027935631, 0.00014792450722468856, 9.0, 465.0], [0.09, 0.6453125, 0.004089422549811287, 0.0001607818215817582, 7.0, 384.0], [0.1, 0.638625, 0.0048290247945297436, 0.00012620776161206633, 20.0, 905.0], [0.11, 0.6471875, 0.006215452967917304, 0.00015801278478680438, 8.0, 384.0], [0.12, 0.6234375, 0.007344661606269313, 0.0004715524311006147, 7.0, 384.0], [0.13, 0.6328571428571429, 0.01719302938223812, 0.0010344300571652504, 28.0, 1253.0], [0.13999999999999999, 0.5760984848484848, 0.4507822975387733, 0.0007563412758644834, 66.0, 2890.0], [0.15, 0.53925, 0.6368005194490743, 0.0004500861188439936, 10.0, 466.0], [0.15999999999999998, 0.495, 0.7471855621783602, 0.00039064983280825077, 5.0, 295.0], [0.16999999999999998, 0.4508333333333333, 0.82437450483021, 0.00027912722485060477, 6.0, 294.0], [0.18, 0.44390625, 0.8832945512134192, 0.00012945824257670652, 16.0, 719.0]]}