{"parameters": {"w": 14, "ki": 0.08, "kf": 0.18, "ka": 11, "l": 2.0, "o": 30, "m": 800, "f": null}, "start_time": "Wed Dec 22 05:35:30 2021", "current_time": "Wed Dec 22 05:38:01 2021", "run_time_in_seconds": 150, "measurements": 800, "moves_per_measurement": 2, "kappa_latest": 0.18, "mean_latest": 0.543125, "err_latest": 0.9128275735704708, "correlation_time_latest": 0.00014304882610876845, "full_results": [[0.08, 0.64828125, 0.006395604413934386, 0.00034203664668622604, 16.0, 561.0], [0.09, 0.6475, 0.006635417574727733, 0.00020328320768323277, 18.0, 632.0], [0.1, 0.65075, 0.010388083885951308, 0.0007874724912068815, 9.0, 364.0], [0.11, 0.649375, 0.02036298681689512, 0.002069560826918637, 39.0, 1368.0], [0.12, 0.62825, 0.35344717748952514, 0.04407900420532431, 20.0, 682.0], [0.13, 0.5938392857142857, 0.6221179289666561, 0.0003191294301259306, 28.0, 920.0], [0.13999999999999999, 0.5780555555555555, 0.7259959218237573, 0.0003231485052997811, 17.0, 591.0], [0.15, 0.5629166666666666, 0.7948252219791164, 0.00030507847347498884, 6.0, 214.0], [0.15999999999999998, 0.571875, 0.8443161826303296, 0.00032212759353938465, 4.0, 151.0], [0.16999999999999998, 0.551875, 0.8826140913075177, 0.00022856290569841172, 4.0, 150.0], [0.18, 0.543125, 0.9128275735704708, 0.00014304882610876845, 3.0, 150.0]]}