{"parameters": {"w": 5, "ki": 0.08, "kf": 0.18, "ka": 11, "l": 1.0, "o": 30, "m": 800, "f": null}, "start_time": "Mon Dec 20 20:14:11 2021", "current_time": "Mon Dec 20 20:14:16 2021", "run_time_in_seconds": 4, "measurements": 800, "moves_per_measurement": 2, "kappa_latest": 0.18, "mean_latest": 0.65, "err_latest": 0.8840657642667791, "correlation_time_latest": 0.0017572982787060513, "full_results": [[0.08, 0.8108333333333333, 0.037254747115748235, 0.00152693919220176, 6.0, 6.0], [0.09, 0.7916666666666666, 0.040779443492975465, 0.000944444942791055, 6.0, 6.0], [0.1, 0.793125, 0.047636873973825086, 0.0016630753709331036, 12.0, 11.0], [0.11, 0.7809375, 0.0605539896378031, 0.0035373304221485934, 8.0, 8.0], [0.12, 0.7790625, 0.07445022804202903, 0.003175697223273244, 15.0, 15.0], [0.13, 0.7744166666666666, 0.14481347437787287, 0.0072980492718545675, 30.0, 28.0], [0.13999999999999999, 0.7479166666666667, 0.4622921886354404, 0.006073915952629402, 17.0, 17.0], [0.15, 0.73375, 0.6343934286472875, 0.002588921378397962, 11.0, 11.0], [0.15999999999999998, 0.6959375, 0.7459017773148106, 0.0026646548622819045, 7.0, 8.0], [0.16999999999999998, 0.6784375, 0.8234936114424676, 0.0013673616904396103, 8.0, 8.0], [0.18, 0.65, 0.8840657642667791, 0.0017572982787060513, 3.0, 4.0]]}