{"parameters": {"w": 3, "ki": 0.08, "kf": 0.18, "ka": 11, "l": 1.0, "o": 30, "m": 800, "f": null}, "start_time": "Mon Dec 20 20:13:31 2021", "current_time": "Mon Dec 20 20:13:33 2021", "run_time_in_seconds": 2, "measurements": 800, "moves_per_measurement": 1, "kappa_latest": 0.18, "mean_latest": 0.84875, "err_latest": 0.8797054579993657, "correlation_time_latest": 0.0047176424029766835, "full_results": [[0.08, 0.9175, 0.1070524579778416, 0.0036852308833386677, 4.0, 3.0], [0.09, 0.9154166666666667, 0.1250090254200268, 0.005799806818805284, 5.0, 5.0], [0.1, 0.9208333333333333, 0.12365143320604281, 0.004055553221162834, 5.0, 5.0], [0.11, 0.92, 0.16857698965618442, 0.008388838662509897, 8.0, 6.0], [0.12, 0.9060416666666666, 0.20040757011590465, 0.008689454008155085, 11.0, 10.0], [0.13, 0.9075, 0.2908373569922564, 0.011617729370171552, 16.0, 13.0], [0.13999999999999999, 0.902, 0.42937831468707033, 0.009878737078302417, 19.0, 16.0], [0.15, 0.8902083333333334, 0.5776051735634488, 0.015662134181794896, 12.0, 9.0], [0.15999999999999998, 0.88375, 0.7316096711080786, 0.0033716671577525455, 7.0, 6.0], [0.16999999999999998, 0.860625, 0.8127171344978222, 0.008406801264105214, 3.0, 3.0], [0.18, 0.84875, 0.8797054579993657, 0.0047176424029766835, 1.0, 2.0]]}