{"parameters": {"w": 7, "ki": 0.08, "kf": 0.18, "ka": 11, "l": 1.0, "o": 30, "m": 800, "f": null}, "start_time": "Mon Dec 20 20:28:49 2021", "current_time": "Mon Dec 20 20:28:57 2021", "run_time_in_seconds": 7, "measurements": 800, "moves_per_measurement": 2, "kappa_latest": 0.18, "mean_latest": 0.5625, "err_latest": 0.8831311326760831, "correlation_time_latest": 0.0008369742109580314, "full_results": [[0.08, 0.69875, 0.020532660303497048, 0.0007109108233665459, 5.0, 10.0], [0.09, 0.7271875, 0.021689093659080443, 0.000907228119475618, 7.0, 13.0], [0.1, 0.715, 0.024237338114934826, 0.0009905515830707986, 7.0, 13.0], [0.11, 0.7065625, 0.03030217325025821, 0.0014325659131088043, 15.0, 25.0], [0.12, 0.7028571428571428, 0.04443568405858513, 0.0025427186304427776, 14.0, 22.0], [0.13, 0.6985, 0.07908219751339718, 0.006332442824151146, 9.0, 16.0], [0.13999999999999999, 0.670625, 0.4522130255049265, 0.003830709416116761, 19.0, 31.0], [0.15, 0.64075, 0.6344743090063341, 0.00202903886786477, 9.0, 16.0], [0.15999999999999998, 0.6075, 0.748431815909104, 0.0015003580063675274, 4.0, 7.0], [0.16999999999999998, 0.5616666666666666, 0.8221130742131212, 0.0010807464290411507, 6.0, 10.0], [0.18, 0.5625, 0.8831311326760831, 0.0008369742109580314, 3.0, 7.0]]}