{"parameters": {"w": 8, "ki": 0.08, "kf": 0.18, "ka": 11, "l": 1.0, "o": 30, "m": 800, "f": null}, "start_time": "Mon Dec 20 20:41:35 2021", "current_time": "Mon Dec 20 20:41:47 2021", "run_time_in_seconds": 11, "measurements": 800, "moves_per_measurement": 2, "kappa_latest": 0.18, "mean_latest": 0.616875, "err_latest": 0.8841588091894877, "correlation_time_latest": 0.0008047698257861977, "full_results": [[0.08, 0.7540625, 0.01504078581875401, 0.0005135034148689859, 7.0, 20.0], [0.09, 0.7428125, 0.016678111571207847, 0.0005380168964871837, 7.0, 21.0], [0.1, 0.74825, 0.018605843419635955, 0.00044354438440180334, 9.0, 26.0], [0.11, 0.75625, 0.02383697286385109, 0.0010941128613438315, 18.0, 45.0], [0.12, 0.7375, 0.03237333317178826, 0.0016302662204990938, 7.0, 21.0], [0.13, 0.7483653846153846, 0.05932604232188826, 0.004667078648522573, 25.0, 64.0], [0.13999999999999999, 0.709280303030303, 0.4500474106964611, 0.0016930684842854553, 65.0, 159.0], [0.15, 0.6691666666666667, 0.6389245383695938, 0.0014429083823697814, 6.0, 16.0], [0.15999999999999998, 0.6620833333333334, 0.7483835970926452, 0.001597834573854647, 6.0, 16.0], [0.16999999999999998, 0.6675, 0.823772426511348, 0.000951437923021273, 3.0, 11.0], [0.18, 0.616875, 0.8841588091894877, 0.0008047698257861977, 3.0, 11.0]]}