{"parameters": {"w": 4, "ki": 0.08, "kf": 0.18, "ka": 11, "l": 1.0, "o": 30, "m": 800, "f": null}, "start_time": "Mon Dec 20 20:14:25 2021", "current_time": "Mon Dec 20 20:14:27 2021", "run_time_in_seconds": 2, "measurements": 800, "moves_per_measurement": 1, "kappa_latest": 0.18, "mean_latest": 0.77, "err_latest": 0.881888809822198, "correlation_time_latest": 0.0026977382518975253, "full_results": [[0.08, 0.8633333333333333, 0.06167682887560647, 0.001413708230304393, 5.0, 5.0], [0.09, 0.8566666666666667, 0.06308191232223737, 0.0023692176218700666, 6.0, 5.0], [0.1, 0.8716666666666667, 0.06839024785358794, 0.0031660220178532142, 6.0, 5.0], [0.11, 0.86875, 0.09071550299235678, 0.003436174229808722, 12.0, 10.0], [0.12, 0.8591304347826086, 0.1263421556534255, 0.0042517292572415285, 46.0, 38.0], [0.13, 0.8559375, 0.20666560293210523, 0.008986031512578978, 39.0, 33.0], [0.13999999999999999, 0.8480208333333333, 0.41109882849221124, 0.012108549836838477, 23.0, 20.0], [0.15, 0.80875, 0.6409948903209017, 0.004606100542525172, 5.0, 5.0], [0.15999999999999998, 0.8066666666666666, 0.7488089872416471, 0.0033017546117131594, 5.0, 5.0], [0.16999999999999998, 0.77875, 0.8309207653866448, 0.005557712069651599, 2.0, 2.0], [0.18, 0.77, 0.881888809822198, 0.0026977382518975253, 2.0, 2.0]]}