{"parameters": {"w": 3, "ki": 0.08, "kf": 0.18, "ka": 11, "l": 2.0, "o": 30, "m": 800, "f": null}, "start_time": "Mon Dec 20 20:15:35 2021", "current_time": "Mon Dec 20 20:15:38 2021", "run_time_in_seconds": 2, "measurements": 800, "moves_per_measurement": 1, "kappa_latest": 0.18, "mean_latest": 0.80875, "err_latest": 0.9031520455180304, "correlation_time_latest": 0.003379160614222013, "full_results": [[0.08, 0.840875, 0.14448450321101952, 0.005506435347944594, 20.0, 16.0], [0.09, 0.829375, 0.15245405401734852, 0.00738999414382662, 7.0, 7.0], [0.1, 0.8425, 0.19654256714213963, 0.0071696697233257925, 50.0, 40.0], [0.11, 0.83775, 0.29588101585531107, 0.009946024575547647, 30.0, 24.0], [0.12, 0.831375, 0.4217854005542757, 0.017916866176286482, 20.0, 16.0], [0.13, 0.8041666666666667, 0.6203780713218483, 0.019940785684203776, 6.0, 5.0], [0.13999999999999999, 0.8175, 0.6953255582012704, 0.014414227567182322, 8.0, 7.0], [0.15, 0.80875, 0.7808447107929555, 0.0070988554009036595, 5.0, 5.0], [0.15999999999999998, 0.785, 0.8453531680472304, 0.005382121099169358, 4.0, 3.0], [0.16999999999999998, 0.795, 0.8833380642555996, 0.0043898216882600405, 1.0, 2.0], [0.18, 0.80875, 0.9031520455180304, 0.003379160614222013, 1.0, 2.0]]}