{"parameters": {"w": 11, "ki": 0.08, "kf": 0.18, "ka": 11, "l": 1.5, "o": 30, "m": 800, "f": null}, "start_time": "Tue Dec 21 00:29:40 2021", "current_time": "Tue Dec 21 00:30:26 2021", "run_time_in_seconds": 46, "measurements": 800, "moves_per_measurement": 2, "kappa_latest": 0.18, "mean_latest": 0.4775, "err_latest": 0.895231008511433, "correlation_time_latest": 0.0004614554825131151, "full_results": [[0.08, 0.6421875, 0.008873029576895166, 0.0005419396035900771, 15.0, 162.0], [0.09, 0.6315625, 0.008970942579486427, 0.0003013781788322403, 16.0, 164.0], [0.1, 0.635, 0.012800910988330822, 0.0006866771316284189, 15.0, 164.0], [0.11, 0.62421875, 0.017974563974632745, 0.001304120103080824, 15.0, 163.0], [0.12, 0.6191666666666666, 0.03936370850847077, 0.003337834783660089, 30.0, 298.0], [0.13, 0.5941304347826087, 0.44224741280876084, 0.004698666172347533, 46.0, 452.0], [0.13999999999999999, 0.5533928571428571, 0.6295942111800169, 0.0008663781508630092, 14.0, 143.0], [0.15, 0.5401785714285714, 0.7314679640701576, 0.0004658256779110979, 13.0, 143.0], [0.15999999999999998, 0.5029166666666667, 0.8014376606123637, 0.0007499952100990581, 6.0, 66.0], [0.16999999999999998, 0.46125, 0.8545991782078902, 0.00035449359745686284, 5.0, 65.0], [0.18, 0.4775, 0.895231008511433, 0.0004614554825131151, 3.0, 46.0]]}