{"parameters": {"w": 13, "ki": 0.08, "kf": 0.18, "ka": 11, "l": 2.0, "o": 30, "m": 800, "f": null}, "start_time": "Tue Dec 21 06:40:13 2021", "current_time": "Tue Dec 21 06:41:08 2021", "run_time_in_seconds": 55, "measurements": 800, "moves_per_measurement": 1, "kappa_latest": 0.18, "mean_latest": 0.40375, "err_latest": 0.9130887038026947, "correlation_time_latest": 0.00042018029551037293, "full_results": [[0.08, 0.5459375, 0.007059478537195393, 0.0004414079828141271, 15.0, 328.0], [0.09, 0.54375, 0.008829335469517596, 0.0006142103900224981, 24.0, 488.0], [0.1, 0.532, 0.010711485104422283, 0.0009642582657800319, 9.0, 213.0], [0.11, 0.5408870967741936, 0.020675307447307518, 0.0018416632693587134, 61.0, 1231.0], [0.12, 0.51425, 0.39476237034106143, 0.026292778387258565, 19.0, 407.0], [0.13, 0.47875, 0.620120954596161, 0.0005001932775067277, 24.0, 483.0], [0.13999999999999999, 0.4584375, 0.7261066558516843, 0.0005555532620310494, 7.0, 172.0], [0.15, 0.431, 0.795125283559625, 0.0004642958229303686, 9.0, 210.0], [0.15999999999999998, 0.4145, 0.8444578149301785, 0.00031766425197659866, 10.0, 210.0], [0.16999999999999998, 0.428125, 0.8820550624611055, 0.0002509384963367622, 7.0, 171.0], [0.18, 0.40375, 0.9130887038026947, 0.00042018029551037293, 2.0, 55.0]]}