{"parameters": {"w": 8, "ki": 0.08, "kf": 0.18, "ka": 11, "l": 1.5, "o": 30, "m": 800, "f": null}, "start_time": "Mon Dec 20 20:56:19 2021", "current_time": "Mon Dec 20 20:56:32 2021", "run_time_in_seconds": 12, "measurements": 800, "moves_per_measurement": 2, "kappa_latest": 0.18, "mean_latest": 0.629375, "err_latest": 0.8948538458209768, "correlation_time_latest": 0.0006198725926628004, "full_results": [[0.08, 0.7385, 0.01764603722493546, 0.0007090264291660166, 10.0, 28.0], [0.09, 0.733875, 0.019144954503547147, 0.0005102226859996338, 20.0, 54.0], [0.1, 0.7419318181818182, 0.024427790849100062, 0.000986470151048815, 22.0, 59.0], [0.11, 0.7248863636363636, 0.03289544871441537, 0.0019874361512935133, 22.0, 59.0], [0.12, 0.7194444444444444, 0.060927513470833104, 0.003715428060486992, 35.0, 95.0], [0.13, 0.7005357142857143, 0.44435636690924196, 0.0028067453525569695, 41.0, 109.0], [0.13999999999999999, 0.6717857142857143, 0.627704353620625, 0.0012056509480756344, 13.0, 37.0], [0.15, 0.64, 0.7316958971640214, 0.0007679171990044352, 21.0, 57.0], [0.15999999999999998, 0.6295833333333334, 0.8007747172868743, 0.001020164570315691, 6.0, 17.0], [0.16999999999999998, 0.644375, 0.8537333854376495, 0.0005882869736478362, 3.0, 12.0], [0.18, 0.629375, 0.8948538458209768, 0.0006198725926628004, 3.0, 12.0]]}