{"parameters": {"w": 11, "ki": 0.08, "kf": 0.18, "ka": 11, "l": 1.0, "o": 30, "m": 800, "f": null}, "start_time": "Tue Dec 21 00:07:29 2021", "current_time": "Tue Dec 21 00:08:38 2021", "run_time_in_seconds": 68, "measurements": 800, "moves_per_measurement": 4, "kappa_latest": 0.18, "mean_latest": 0.479375, "err_latest": 0.8832180482754106, "correlation_time_latest": 0.00033677701117745124, "full_results": [[0.08, 0.675, 0.007993735719001993, 0.0002456672004064653, 6.0, 55.0], [0.09, 0.678, 0.008560856272162768, 0.0003347445501556659, 10.0, 88.0], [0.1, 0.6758333333333333, 0.009810061457545542, 0.0004142828896894366, 12.0, 104.0], [0.11, 0.6673214285714286, 0.012606254082475118, 0.0006550152679043682, 13.0, 121.0], [0.12, 0.657797619047619, 0.017682387181461257, 0.00048218080816820187, 41.0, 349.0], [0.13, 0.6529166666666667, 0.03809215523813275, 0.002904855385982712, 17.0, 154.0], [0.13999999999999999, 0.6061742424242424, 0.4510741364263901, 0.001182514593836458, 65.0, 530.0], [0.15, 0.5658333333333333, 0.6384419995493158, 0.00044859886852549163, 6.0, 53.0], [0.15999999999999998, 0.520625, 0.7472721670251252, 0.0003169894712744662, 7.0, 68.0], [0.16999999999999998, 0.520625, 0.8237219194533291, 0.0006024594327265965, 3.0, 37.0], [0.18, 0.479375, 0.8832180482754106, 0.00033677701117745124, 7.0, 68.0]]}