{"parameters": {"w": 13, "ki": 0.08, "kf": 0.18, "ka": 11, "l": 1.0, "o": 30, "m": 800, "f": null}, "start_time": "Tue Dec 21 07:40:42 2021", "current_time": "Tue Dec 21 07:41:37 2021", "run_time_in_seconds": 55, "measurements": 800, "moves_per_measurement": 1, "kappa_latest": 0.18, "mean_latest": 0.61, "err_latest": 0.8828265658282511, "correlation_time_latest": 0.0003568750912653149, "full_results": [[0.08, 0.7641666666666667, 0.005472133484194877, 0.00020388316328037072, 5.0, 132.0], [0.09, 0.755625, 0.006077549489051277, 0.00017950690445171606, 11.0, 252.0], [0.1, 0.759375, 0.007644457314780919, 0.00030118900317323126, 12.0, 252.0], [0.11, 0.7583333333333333, 0.009102758251197262, 0.0002274277798749721, 11.0, 252.0], [0.12, 0.75625, 0.012497016596933818, 0.0006359224545962566, 17.0, 370.0], [0.13, 0.746796875, 0.02720143915952313, 0.002792069073443903, 31.0, 643.0], [0.13999999999999999, 0.7165357142857143, 0.45054313430867293, 0.0004920541137646943, 70.0, 1381.0], [0.15, 0.6770833333333334, 0.6378876003746958, 0.000536849968409138, 11.0, 249.0], [0.15999999999999998, 0.65125, 0.7474567855937164, 0.000411273943594711, 5.0, 133.0], [0.16999999999999998, 0.6345833333333334, 0.8238185018667938, 0.00027696698955007206, 5.0, 132.0], [0.18, 0.61, 0.8828265658282511, 0.0003568750912653149, 2.0, 55.0]]}