{"parameters": {"w": 6, "ki": 0.08, "kf": 0.18, "ka": 11, "l": 2.0, "o": 30, "m": 800, "f": null}, "start_time": "Mon Dec 20 20:25:15 2021", "current_time": "Mon Dec 20 20:25:25 2021", "run_time_in_seconds": 9, "measurements": 800, "moves_per_measurement": 3, "kappa_latest": 0.18, "mean_latest": 0.5266666666666666, "err_latest": 0.9132168769218019, "correlation_time_latest": 0.0009513641489385601, "full_results": [[0.08, 0.67875, 0.032863377319858396, 0.0009178480505070007, 22.0, 31.0], [0.09, 0.6717307692307692, 0.04010161523550618, 0.0024066369243876747, 25.0, 37.0], [0.1, 0.6613461538461538, 0.05466782585543225, 0.003489277523737526, 26.0, 36.0], [0.11, 0.66925, 0.11655828917327542, 0.005738535017943957, 39.0, 56.0], [0.12, 0.63855, 0.4003803825370606, 0.013367421934161192, 50.0, 70.0], [0.13, 0.622, 0.6139577805703158, 0.0025251340009109636, 29.0, 42.0], [0.13999999999999999, 0.6020833333333333, 0.7245436562704064, 0.0016343959326866676, 24.0, 34.0], [0.15, 0.601875, 0.7919392202030309, 0.0014793296590199106, 3.0, 6.0], [0.15999999999999998, 0.54375, 0.8469817993131947, 0.001259941466254517, 9.0, 15.0], [0.16999999999999998, 0.5616666666666666, 0.8818124784449353, 0.0006775819193679953, 5.0, 9.0], [0.18, 0.5266666666666666, 0.9132168769218019, 0.0009513641489385601, 6.0, 9.0]]}