{"parameters": {"w": 7, "ki": 0.08, "kf": 0.18, "ka": 11, "l": 2.0, "o": 30, "m": 800, "f": null}, "start_time": "Mon Dec 20 20:37:37 2021", "current_time": "Mon Dec 20 20:37:54 2021", "run_time_in_seconds": 16, "measurements": 800, "moves_per_measurement": 4, "kappa_latest": 0.18, "mean_latest": 0.5096875, "err_latest": 0.912368282741447, "correlation_time_latest": 0.0005294248951640727, "full_results": [[0.08, 0.657625, 0.025436684209727483, 0.0008683348877607101, 19.0, 40.0], [0.09, 0.6515909090909091, 0.027789215002349894, 0.0010555560570912918, 22.0, 44.0], [0.1, 0.649296875, 0.042910017708650244, 0.0024654401587323516, 31.0, 63.0], [0.11, 0.6408088235294118, 0.07185209703305281, 0.004559541159689528, 33.0, 67.0], [0.12, 0.6200403225806451, 0.41671538820300225, 0.003818680131442228, 62.0, 119.0], [0.13, 0.5971875, 0.6188333642665423, 0.002475831140941222, 31.0, 62.0], [0.13999999999999999, 0.5708333333333333, 0.7249638377744362, 0.0014641465688243318, 5.0, 13.0], [0.15, 0.5684375, 0.7952153582193685, 0.001126175661622921, 7.0, 16.0], [0.15999999999999998, 0.5308928571428572, 0.8459048150225161, 0.0005396353122086357, 14.0, 28.0], [0.16999999999999998, 0.5425, 0.8840740390307339, 0.0009327614985974968, 3.0, 9.0], [0.18, 0.5096875, 0.912368282741447, 0.0005294248951640727, 8.0, 16.0]]}