{"parameters": {"w": 12, "ki": 0.08, "kf": 0.18, "ka": 11, "l": 2.0, "o": 30, "m": 800, "f": null}, "start_time": "Tue Dec 21 03:52:49 2021", "current_time": "Tue Dec 21 03:54:02 2021", "run_time_in_seconds": 72, "measurements": 800, "moves_per_measurement": 2, "kappa_latest": 0.18, "mean_latest": 0.44125, "err_latest": 0.9134099975770823, "correlation_time_latest": 0.00021803311641965882, "full_results": [[0.08, 0.5916666666666667, 0.008221283327658377, 0.00037688735382701344, 12.0, 191.0], [0.09, 0.6105, 0.009886483241697656, 0.00034912117845773766, 19.0, 313.0], [0.1, 0.6011363636363637, 0.01342500901550141, 0.0007786240701205937, 44.0, 673.0], [0.11, 0.5920108695652174, 0.02266436181847731, 0.0018050069504092637, 46.0, 701.0], [0.12, 0.5789351851851852, 0.4174735922856324, 0.002305279910304031, 53.0, 822.0], [0.13, 0.5588888888888889, 0.6202429211427437, 0.0006882201441483423, 18.0, 282.0], [0.13999999999999999, 0.53125, 0.7256670518672743, 0.00037322563904395976, 34.0, 520.0], [0.15, 0.5308333333333334, 0.794199992457403, 0.0002703721494980338, 6.0, 102.0], [0.15999999999999998, 0.487, 0.8443189411163985, 0.00014889241745525873, 10.0, 161.0], [0.16999999999999998, 0.4840625, 0.8820647174435452, 0.00022232030978275815, 7.0, 131.0], [0.18, 0.44125, 0.9134099975770823, 0.00021803311641965882, 3.0, 72.0]]}