{"parameters": {"w": 3, "ki": 0.08, "kf": 0.18, "ka": 11, "l": 1.5, "o": 30, "m": 800, "f": null}, "start_time": "Mon Dec 20 12:10:25 2021", "current_time": "Mon Dec 20 12:10:25 2021", "run_time_in_seconds": 0, "measurements": 800, "moves_per_measurement": 10, "kappa_latest": 0.18, "mean_latest": 0.370375, "err_latest": 0.8794474457086627, "correlation_time_latest": 0.01320023862146902, "full_results": [[0.08, 0.6114527027027027, 0.12786324225774823, 0.01263628392724841, 73.0, 1.0], [0.09, 0.5926973684210526, 0.1627944676839279, 0.029092114963899258, 38.0, 0.0], [0.1, 0.589375, 0.1729438357343305, 0.02720575956461462, 28.0, 0.0], [0.11, 0.59734375, 0.2129517401473166, 0.023430718812765983, 47.0, 0.0], [0.12, 0.5771666666666667, 0.1233866905429194, 0.02548102773873077, 30.0, 0.0], [0.13, 0.5273928571428571, 0.458691727531238, 0.04772627381245722, 70.0, 1.0], [0.13999999999999999, 0.485, 0.5808395540694015, 0.03775038837550148, 41.0, 0.0], [0.15, 0.4407916666666667, 0.6938205510802528, 0.017706705285595824, 60.0, 1.0], [0.15999999999999998, 0.4131730769230769, 0.7634823275910325, 0.009747394148482502, 52.0, 0.0], [0.16999999999999998, 0.3756640625, 0.8712658483713636, 0.013428773258814681, 64.0, 1.0], [0.18, 0.370375, 0.8794474457086627, 0.01320023862146902, 20.0, 0.0]]}