{"parameters": {"w": 3, "ki": 0.08, "kf": 0.18, "ka": 11, "l": 1.0, "o": 30, "m": 800, "f": null}, "start_time": "Mon Dec 20 20:09:35 2021", "current_time": "Mon Dec 20 20:09:59 2021", "run_time_in_seconds": 23, "measurements": 800, "moves_per_measurement": 8, "kappa_latest": 0.11, "mean_latest": 0.1575782466360008, "err_latest": 0.007511923616065424, "correlation_time_latest": 16.0, "full_results": [[0.08, 0.5912615740740741, 0.10363063912082468, 0.005066754282449045, 8.0, 11.0], [0.09, 0.5851041666666666, 0.12190600935230105, 0.0027121374462620515, 16.0, 23.0], [0.1, 0.576658950617284, 0.13191006730171664, 0.004944171355864302, 7.0, 12.0], [0.11, 0.5646219135802469, 0.1575782466360008, 0.007511923616065424, 16.0, 23.0], [0.12, 0.908125, 0.2022816413097786, 0.005797283674734578, 11.0, 16.0], [0.13, 0.9025, 0.27036345526381134, 0.00957440375977842, 18.0, 23.0], [0.13999999999999999, 0.8889423076923076, 0.4065855837676172, 0.010570195383667469, 26.0, 31.0], [0.15, 0.87875, 0.5931699872311842, 0.015365774462571499, 8.0, 10.0], [0.15999999999999998, 0.875625, 0.736431777192733, 0.010747120129569696, 4.0, 6.0], [0.16999999999999998, 0.866875, 0.8132758665121465, 0.008659058165658819, 3.0, 6.0], [0.18, 0.85125, 0.8752494150706752, 0.006085438510138711, 3.0, 6.0]]}