{"parameters": {"w": 3, "ki": 0.08, "kf": 0.18, "ka": 11, "l": 1.5, "o": 30, "m": 800, "f": null}, "start_time": "Mon Dec 20 12:00:30 2021", "current_time": "Mon Dec 20 12:00:34 2021", "run_time_in_seconds": 3, "measurements": 800, "moves_per_measurement": 1, "kappa_latest": 0.18, "mean_latest": 0.00125, "err_latest": 0.8928126396388292, "correlation_time_latest": 0.0033274074423393922, "full_results": [[0.08, 0.00125, 0.12751252717134032, 0.005720739362800237, 8.0, 9.0], [0.09, 0.00125, 0.1350746573776716, 0.0031641980520981786, 9.0, 11.0], [0.1, 0.000875, 0.166782271235408, 0.006187835562387836, 19.0, 22.0], [0.11, 0.0008928571428571428, 0.1983454042616943, 0.009603571244859372, 13.0, 16.0], [0.12, 0.00125, 0.2597887265529079, 0.012839743726451728, 13.0, 16.0], [0.13, 0.001171875, 0.43062242866391587, 0.011776132231850304, 32.0, 35.0], [0.13999999999999999, 0.0008333333333333334, 0.5874264299210952, 0.01064292540090931, 23.0, 27.0], [0.15, 0.00125, 0.7303221515289559, 0.010748102127847103, 5.0, 9.0], [0.15999999999999998, 0.0007142857142857143, 0.8000071128369075, 0.003887405519342118, 14.0, 20.0], [0.16999999999999998, 0.00125, 0.8545589860101529, 0.004096306854285056, 3.0, 6.0], [0.18, 0.00125, 0.8928126396388292, 0.0033274074423393922, 2.0, 3.0]]}