{"parameters": {"w": 9, "ki": 0.08, "kf": 0.18, "ka": 11, "l": 1.5, "o": 30, "m": 800, "f": null}, "start_time": "Mon Dec 20 12:35:21 2021", "current_time": "Mon Dec 20 12:35:57 2021", "run_time_in_seconds": 35, "measurements": 190, "moves_per_measurement": 10, "kappa_latest": 0.1, "mean_latest": 0.74, "err_latest": 0.016299412178967097, "correlation_time_latest": 0.0009286167957829921, "full_results": [[0.08, 0.706875, 0.012348715463472956, 0.00031513203741806575, 8.0, 59.0], [0.09, 0.7166666666666667, 0.017341038136506535, 0.0011322298370650518, 6.0, 45.0], [0.1, 0.74, 0.016299412178967097, 0.0009286167957829921, 19.0, 35.0], [0.0, 0.0, 0.0, 0.0, 0.0, 0.0], [0.0, 0.0, 0.0, 0.0, 0.0, 0.0], [0.0, 0.0, 0.0, 0.0, 0.0, 0.0], [0.0, 0.0, 0.0, 0.0, 0.0, 0.0], [0.0, 0.0, 0.0, 0.0, 0.0, 0.0], [0.0, 0.0, 0.0, 0.0, 0.0, 0.0], [0.0, 0.0, 0.0, 0.0, 0.0, 0.0], [0.0, 0.0, 0.0, 0.0, 0.0, 0.0]]}