{"parameters": {"w": 3, "ki": 0.08, "kf": 0.18, "ka": 11, "l": 1.0, "o": 30, "m": 800, "f": null}, "start_time": "Mon Dec 20 20:08:41 2021", "current_time": "Mon Dec 20 20:08:47 2021", "run_time_in_seconds": 6, "measurements": 800, "moves_per_measurement": 2, "kappa_latest": 0.18, "mean_latest": 0.85125, "err_latest": 0.8752494150706752, "correlation_time_latest": 0.006085438510138711, "full_results": [[0.08, 0.91, 0.10898312005035653, 0.0019503723132149005, 5.0, 7.0], [0.09, 0.920625, 0.11798369607252826, 0.0035737072869181045, 4.0, 6.0], [0.1, 0.90125, 0.13529984201311415, 0.005907419266365849, 7.0, 12.0], [0.11, 0.89875, 0.15786341214557476, 0.003734692552500141, 11.0, 15.0], [0.12, 0.908125, 0.2022816413097786, 0.005797283674734578, 11.0, 16.0], [0.13, 0.9025, 0.27036345526381134, 0.00957440375977842, 18.0, 23.0], [0.13999999999999999, 0.8889423076923076, 0.4065855837676172, 0.010570195383667469, 26.0, 31.0], [0.15, 0.87875, 0.5931699872311842, 0.015365774462571499, 8.0, 10.0], [0.15999999999999998, 0.875625, 0.736431777192733, 0.010747120129569696, 4.0, 6.0], [0.16999999999999998, 0.866875, 0.8132758665121465, 0.008659058165658819, 3.0, 6.0], [0.18, 0.85125, 0.8752494150706752, 0.006085438510138711, 3.0, 6.0]]}