{"parameters": {"w": 3, "ki": 0.08, "kf": 0.18, "ka": 11, "l": 1.5, "o": 30, "m": 800, "f": null}, "start_time": "Mon Dec 20 12:08:39 2021", "current_time": "Mon Dec 20 12:08:42 2021", "run_time_in_seconds": 3, "measurements": 800, "moves_per_measurement": 1, "kappa_latest": 0.18, "mean_latest": 0.83125, "err_latest": 0.8947754083864522, "correlation_time_latest": 0.003281874494458218, "full_results": [[0.08, 0.8708928571428571, 0.11855223633421519, 0.002876720989210947, 13.0, 16.0], [0.09, 0.87375, 0.13873224451919264, 0.005954064058499172, 9.0, 13.0], [0.1, 0.8677083333333333, 0.17775605110996326, 0.006292973971757948, 11.0, 17.0], [0.11, 0.8740178571428572, 0.19892678906620992, 0.0036928457096407435, 28.0, 35.0], [0.12, 0.8630769230769231, 0.2859771416972061, 0.00599590259989095, 25.0, 31.0], [0.13, 0.86796875, 0.413250516547168, 0.017711327851961115, 16.0, 20.0], [0.13999999999999999, 0.8495833333333334, 0.5494511181659886, 0.027408901708332736, 5.0, 7.0], [0.15, 0.8376515151515151, 0.7195677607573094, 0.0057379043073983475, 65.0, 82.0], [0.15999999999999998, 0.82, 0.7848182531813224, 0.010568815187183472, 3.0, 5.0], [0.16999999999999998, 0.82, 0.8414799051105522, 0.006979497818106455, 1.0, 3.0], [0.18, 0.83125, 0.8947754083864522, 0.003281874494458218, 1.0, 3.0]]}