{"parameters": {"w": 9, "ki": 0.08, "kf": 0.18, "ka": 11, "l": 1.5, "o": 30, "m": 800, "f": null}, "start_time": "Mon Dec 20 12:16:51 2021", "current_time": "Mon Dec 20 12:17:26 2021", "run_time_in_seconds": 35, "measurements": 302, "moves_per_measurement": 6, "kappa_latest": 0.08, "mean_latest": 0.7003311258278145, "err_latest": 0.012182222605004275, "correlation_time_latest": 0.0005862018950415898, "full_results": [[0.08, 0.7003311258278145, 0.012182222605004275, 0.0005862018950415898, 11.0, 35.0], [1.6021957783146285e-306, 1.8914689612376114e-307, 7.56571287681344e-307, 3.11525958331296e-307, 1.2461072285391713e-306, 8.455993660891482e-307], [1.3796238828696955e-306, 5.117982238356632e-307, 1.3796136972795362e-306, 2.7814985050031397e-307, 2.114017089407504e-307, 9.346016416187327e-307], [0.0, 0.0, 0.0, 0.0, 0.0, 0.0], [0.0, 0.0, 0.0, 0.0, 0.0, 0.0], [0.0, 0.0, 0.0, 0.0, 0.0, 0.0], [0.0, 0.0, 0.0, 0.0, 0.0, 0.0], [0.0, 0.0, 0.0, 0.0, 0.0, 0.0], [0.0, 0.0, 0.0, 0.0, 0.0, 0.0], [0.0, 0.0, 0.0, 0.0, 0.0, 0.0], [0.0, 0.0, 0.0, 0.0, 0.0, 1.1125369292536007e-308]]}