{"parameters": {"w": 9, "ki": 0.08, "kf": 0.18, "ka": 11, "l": 1.5, "o": 30, "m": 800, "f": null}, "start_time": "Mon Dec 20 12:25:06 2021", "current_time": "Mon Dec 20 12:26:42 2021", "run_time_in_seconds": 95, "measurements": 468, "moves_per_measurement": 11, "kappa_latest": 0.09, "mean_latest": 0.7064879564879565, "err_latest": 0.01489737567109585, "correlation_time_latest": 0.0005713185704778141, "full_results": [[0.08, 0.7166666666666667, 0.012519653958793333, 0.00051048328221105, 6.0, 48.0], [0.09, 0.7064879564879565, 0.01489737567109585, 0.0005713185704778141, 22.0, 95.0], [9.516342863369842e-114, 6.392473632031763e+29, 9.135654077177345e+242, 4.193342907978843e+228, 1.398068761973825e-152, 1.145311438326526e+248], [2.356227590055337e+251, 5.817461884007516e+180, 2.9722682903647443e-260, 1.3362994365677505e-152, 2.5831362487392724e+185, 2.649888340391932e+180], [1.049185451604902e-153, 9.083672287282109e+223, 6.013344411162787e-154, 4.193360380727132e+228, 3.68421412417407e+180, 1.8767344813490888e-152], [4.952386931785731e+223, 1.0675799966100803e+224, 1.9420838042634433e+227, 5.292739158619963e+199, 2.4287093345980516e-154, 6.195222094889606e+223], [9.664714736605475e+232, 7.530536611125288e+252, 1.4001451357455543e+195, 5.981314544956629e-154, 1.7101034684336041e+214, 2.970260192254251e-260], [6.013470016999068e-154, 1.946266065352454e+227, 3.6842141864072992e+180, 5.5197926225696266e+228, 6.013344409707066e-154, 1.8166790500083872e-152], [2.9510692977059747e-260, 5.987377638775674e+247, 1.7101835994179046e+214, 1.2764100048979136e-152, 8.814263331657708e-106, 1.0640025030976275e+248], [6.01346952635127e-154, 8.721141050111931e+183, 9.770816439901739e+199, 3.684214124303799e+180, 4.952700066241247e+223, 1.0675799966100803e+224], [4.2620940206391265e+180, 2.9873405796648408e-260, 3.4213414783098974e+180, 2.4287093363575574e-154, 2.288961101077351e+243, 8.887558412949244e+247]]}