{"parameters": {"w": 9, "ki": 0.08, "kf": 0.18, "ka": 11, "l": 1.5, "o": 30, "m": 800, "f": null}, "start_time": "Mon Dec 20 12:27:45 2021", "current_time": "Mon Dec 20 12:28:45 2021", "run_time_in_seconds": 59, "measurements": 800, "moves_per_measurement": 4, "kappa_latest": 0.08, "mean_latest": 0.706875, "err_latest": 0.01267984348934153, "correlation_time_latest": 0.0005628355080012626, "full_results": [[0.08, 0.706875, 0.01267984348934153, 0.0005628355080012626, 8.0, 59.0], [0.0, 0.0, 0.0, 0.0, 0.0, 0.0], [0.0, 0.0, 0.0, 0.0, 0.0, 0.0], [0.0, 0.0, 0.0, 0.0, 0.0, 0.0], [0.0, 0.0, 0.0, 0.0, 0.0, 0.0], [0.0, 0.0, 0.0, 0.0, 0.0, 0.0], [0.0, 0.0, 0.0, 0.0, 0.0, 0.0], [0.0, 0.0, 0.0, 0.0, 0.0, 0.0], [0.0, 0.0, 0.0, 0.0, 0.0, 0.0], [0.0, 0.0, 0.0, 0.0, 0.0, 0.0], [0.0, 0.0, 0.0, 0.0, 0.0, 0.0]]}