{"parameters": {"w": 9, "ki": 0.08, "kf": 0.18, "ka": 11, "l": 1.5, "o": 30, "m": 800, "f": null}, "start_time": "Mon Dec 20 14:30:11 2021", "current_time": "Mon Dec 20 14:31:08 2021", "run_time_in_seconds": 56, "measurements": 800, "moves_per_measurement": 2, "kappa_latest": 0.18, "mean_latest": 0.5775, "err_latest": 0.8952780813830801, "correlation_time_latest": 0.0004698095491306365, "full_results": [[0.08, 0.7075, 0.013049329785981532, 0.0005902389594669737, 13.0, 128.0], [0.09, 0.7156944444444444, 0.014699665642597415, 0.0005012648239492579, 18.0, 166.0], [0.1, 0.6989285714285715, 0.018858744365580944, 0.0010185426956528596, 13.0, 141.0], [0.11, 0.7020625, 0.02447519928121273, 0.0009035459668335931, 39.0, 350.0], [0.12, 0.7092788461538462, 0.048421475068169656, 0.002447315600404013, 52.0, 559.0], [0.13, 0.6777272727272727, 0.43734090711536355, 0.010933089090875606, 22.0, 241.0], [0.13999999999999999, 0.6441666666666667, 0.6293308193909148, 0.001046060003140042, 23.0, 285.0], [0.15, 0.6271875, 0.7312179977784241, 0.0008342488110727025, 7.0, 96.0], [0.15999999999999998, 0.589375, 0.8021607690620055, 0.0004209852036697465, 4.0, 53.0], [0.16999999999999998, 0.59, 0.8532999515059853, 0.00036260812101055915, 4.0, 53.0], [0.18, 0.5775, 0.8952780813830801, 0.0004698095491306365, 4.0, 56.0]]}