{"parameters": {"w": 4, "ki": 0.08, "kf": 0.18, "ka": 11, "l": 1.5, "o": 30, "m": 800, "f": "test"}, "start_time": "Tue Dec 21 13:51:42 2021", "current_time": "Tue Dec 21 13:51:55 2021", "run_time_in_seconds": 13, "measurements": 800, "moves_per_measurement": 5, "kappa_latest": 0.08, "mean_latest": 0.80275, "err_latest": 0.06812862133077038, "correlation_time_latest": 0.0023195186663500407, "full_results": [[0.08, 0.80275, 0.06812862133077038, 0.0023195186663500407, 10.0, 13.0]]}