{"parameters": {"w": 6, "ki": 0.08, "kf": 0.18, "ka": 11, "l": 2.0, "o": 30, "m": 800, "f": null}, "start_time": "Tue Dec 21 15:03:29 2021", "current_time": "Tue Dec 21 15:04:56 2021", "run_time_in_seconds": 87, "measurements": 800, "moves_per_measurement": 1, "kappa_latest": 0.18, "mean_latest": 0.000992664453822302, "err_latest": 2.0, "correlation_time_latest": 87.0, "full_results": [[0.08, 0.037293870663560096, 0.00148374961507122, 5.0, 204.0], [0.09, 0.040726975629915924, 0.0009303079320302532, 6.0, 206.0], [0.1, 0.06326022180249971, 0.0030467643428215637, 9.0, 326.0], [0.11, 0.10536572543859057, 0.006266398769152044, 12.0, 388.0], [0.12, 0.37596597542875143, 0.012005411054645558, 12.0, 390.0], [0.13, 0.6114176274454308, 0.002809907026926965, 6.0, 209.0], [0.13999999999999999, 0.7218417015293696, 0.001955943624954773, 4.0, 149.0], [0.15, 0.792087313191369, 0.001597577207307396, 3.0, 149.0], [0.15999999999999998, 0.8431745333889188, 0.0006818739984357038, 3.0, 148.0], [0.16999999999999998, 0.8812644768394842, 0.0008473893661301875, 2.0, 88.0], [0.18, 0.9138067173910869, 0.000992664453822302, 2.0, 87.0]]}