{"parameters": {"w": 10, "ki": 0.08, "kf": 0.18, "ka": 11, "l": 1.5, "o": 30, "m": 800, "f": null}, "start_time": "Tue Dec 21 21:45:08 2021", "current_time": "Tue Dec 21 21:55:34 2021", "run_time_in_seconds": 625, "measurements": 800, "moves_per_measurement": 1, "kappa_latest": 0.18, "mean_latest": 0.0004163695883002445, "err_latest": 2.0, "correlation_time_latest": 625.0, "full_results": [[0.08, 0.011490206966465024, 0.0004350461597322258, 5.0, 1437.0], [0.09, 0.014368022306798359, 0.000511716817371101, 5.0, 1441.0], [0.1, 0.017973471334756935, 0.0007386850049044882, 8.0, 1858.0], [0.11, 0.026436547299941382, 0.001786832243774188, 8.0, 1864.0], [0.12, 0.05247542625232543, 0.0031301797331330893, 17.0, 4010.0], [0.13, 0.41672140379958156, 0.001503661010082883, 31.0, 7074.0], [0.13999999999999999, 0.6252151204126839, 0.0010396563115183208, 6.0, 1483.0], [0.15, 0.7291776144464107, 0.000618847917157525, 3.0, 1058.0], [0.15999999999999998, 0.799905094199454, 0.0004469467176368798, 3.0, 1061.0], [0.16999999999999998, 0.8533255686875849, 0.0004740920207441165, 2.0, 625.0], [0.18, 0.8945084418973295, 0.0004163695883002445, 2.0, 625.0]]}