{"parameters": {"w": 11, "ki": 0.08, "kf": 0.18, "ka": 11, "l": 1.5, "o": 30, "m": 800, "f": null}, "start_time": "Wed Dec 22 03:15:00 2021", "current_time": "Wed Dec 22 03:41:09 2021", "run_time_in_seconds": 1569, "measurements": 800, "moves_per_measurement": 2, "kappa_latest": 0.18, "mean_latest": 0.00023583579697304785, "err_latest": 3.0, "correlation_time_latest": 1569.0, "full_results": [[0.08, 0.010028373547217159, 0.0001681434391088344, 4.0, 1502.0], [0.09, 0.012073015074862806, 0.00039123268939965985, 5.0, 2126.0], [0.1, 0.014855608470127965, 0.0005082608643025029, 7.0, 2746.0], [0.11, 0.02240573770216065, 0.0005963875344497921, 17.0, 5919.0], [0.12, 0.0438152009708267, 0.0017318018429093235, 21.0, 7191.0], [0.13, 0.41916132204515827, 0.0023149376563089594, 36.0, 10036.0], [0.13999999999999999, 0.6242234834963655, 0.0011863428421441356, 5.0, 2196.0], [0.15, 0.729365630760032, 0.0004106127294881522, 3.0, 1560.0], [0.15999999999999998, 0.8003490068094308, 0.0003448560174133599, 4.0, 1566.0], [0.16999999999999998, 0.8531980872837319, 0.00024173036670539883, 3.0, 1566.0], [0.18, 0.8948010963553514, 0.00023583579697304785, 3.0, 1569.0]]}