{"parameters": {"w": 6, "ki": 0.08, "kf": 0.18, "ka": 11, "l": 1.0, "o": 30, "m": 800, "f": null}, "start_time": "Tue Dec 21 15:09:58 2021", "current_time": "Tue Dec 21 15:12:09 2021", "run_time_in_seconds": 131, "measurements": 800, "moves_per_measurement": 2, "kappa_latest": 0.18, "mean_latest": 0.0005687968679805947, "err_latest": 3.0, "correlation_time_latest": 131.0, "full_results": [[0.08, 0.02654883893198774, 0.0006559907962003083, 3.0, 122.0], [0.09, 0.03213137118066672, 0.0012354659950016373, 4.0, 123.0], [0.1, 0.03638949835771, 0.0012627520330842103, 5.0, 172.0], [0.11, 0.044314276919853846, 0.0017611319036092844, 8.0, 225.0], [0.12, 0.06319977452015195, 0.0014844221517900608, 30.0, 787.0], [0.13, 0.11842573784961233, 0.008680099256129212, 11.0, 329.0], [0.13999999999999999, 0.4235093876381059, 0.004633003617517595, 20.0, 542.0], [0.15, 0.6261486254136108, 0.003485083467515085, 4.0, 128.0], [0.15999999999999998, 0.7409349637043372, 0.0014719568590625348, 5.0, 182.0], [0.16999999999999998, 0.8232930553846101, 0.0010989289445237152, 3.0, 128.0], [0.18, 0.8830549011315428, 0.0005687968679805947, 3.0, 131.0]]}