{"parameters": {"w": 4, "ki": 0.08, "kf": 0.18, "ka": 11, "l": 1.0, "o": 30, "m": 800, "f": null}, "start_time": "Tue Dec 21 14:29:07 2021", "current_time": "Tue Dec 21 14:29:22 2021", "run_time_in_seconds": 15, "measurements": 800, "moves_per_measurement": 1, "kappa_latest": 0.18, "mean_latest": 0.0020047518442641403, "err_latest": 2.0, "correlation_time_latest": 15.0, "full_results": [[0.08, 0.06096795688363464, 0.0020865302647218036, 4.0, 25.0], [0.09, 0.07034727774293033, 0.0021309715019012057, 5.0, 35.0], [0.1, 0.08575225244183295, 0.003266790817068373, 4.0, 25.0], [0.11, 0.09430382904206211, 0.0033829067710645067, 8.0, 47.0], [0.12, 0.1363310907974541, 0.003147064776270633, 19.0, 107.0], [0.13, 0.19095947079466463, 0.005125362098539423, 29.0, 160.0], [0.13999999999999999, 0.3970326698248371, 0.016504741534028724, 13.0, 78.0], [0.15, 0.6174660176488709, 0.0076609388264821015, 6.0, 37.0], [0.15999999999999998, 0.7381927526630366, 0.002856128690871408, 3.0, 26.0], [0.16999999999999998, 0.8230928698621567, 0.005443602577247405, 2.0, 15.0], [0.18, 0.8856901883156642, 0.0020047518442641403, 2.0, 15.0]]}