{"parameters": {"w": 6, "ki": 0.08, "kf": 0.18, "ka": 11, "l": 1.5, "o": 30, "m": 800, "f": null}, "start_time": "Tue Dec 21 15:16:38 2021", "current_time": "Tue Dec 21 15:19:02 2021", "run_time_in_seconds": 143, "measurements": 800, "moves_per_measurement": 2, "kappa_latest": 0.18, "mean_latest": 0.0006474709897175567, "err_latest": 3.0, "correlation_time_latest": 143.0, "full_results": [[0.08, 0.031228497743288265, 0.0007350250181094954, 4.0, 137.0], [0.09, 0.03559049968993952, 0.0008053644525387482, 7.0, 248.0], [0.1, 0.043351013421063456, 0.0016052864030280418, 11.0, 364.0], [0.11, 0.062395360380400854, 0.003130562107891354, 7.0, 251.0], [0.12, 0.10839769826372128, 0.00336671100785803, 46.0, 1338.0], [0.13, 0.40935891381526945, 0.006882092914868277, 8.0, 253.0], [0.13999999999999999, 0.6232595760789736, 0.002711861539933178, 6.0, 200.0], [0.15, 0.7301599702250741, 0.0018947470616730792, 4.0, 141.0], [0.15999999999999998, 0.7985169220510151, 0.0013509756002853034, 3.0, 143.0], [0.16999999999999998, 0.8549944237394451, 0.0012444782551208993, 2.0, 84.0], [0.18, 0.894320363024864, 0.0006474709897175567, 3.0, 143.0]]}