{"parameters": {"w": 5, "ki": 0.08, "kf": 0.18, "ka": 11, "l": 1.5, "o": 30, "m": 800, "f": null}, "start_time": "Tue Dec 21 14:42:10 2021", "current_time": "Tue Dec 21 14:42:50 2021", "run_time_in_seconds": 40, "measurements": 800, "moves_per_measurement": 1, "kappa_latest": 0.18, "mean_latest": 0.0013954892089506812, "err_latest": 2.0, "correlation_time_latest": 40.0, "full_results": [[0.08, 0.04431990353879717, 0.001130783668502846, 4.0, 64.0], [0.09, 0.05058810827111494, 0.002088942369180864, 6.0, 90.0], [0.1, 0.06146724851975379, 0.0020827521498818905, 4.0, 64.0], [0.11, 0.08314658050285256, 0.001920677606002308, 9.0, 143.0], [0.12, 0.14715912768208558, 0.0027141647438032254, 29.0, 408.0], [0.13, 0.4141072746277847, 0.00684624403722259, 15.0, 226.0], [0.13999999999999999, 0.6270951193914864, 0.0030222204656571803, 6.0, 94.0], [0.15, 0.7297107007604307, 0.0031158393801497403, 3.0, 67.0], [0.15999999999999998, 0.8019984912658529, 0.0011707940854185324, 4.0, 67.0], [0.16999999999999998, 0.8521375549967128, 0.0015406703653309288, 3.0, 67.0], [0.18, 0.8946106661968767, 0.0013954892089506812, 2.0, 40.0]]}