{"parameters": {"w": 3, "ki": 0.08, "kf": 0.18, "ka": 11, "l": 1.5, "o": 30, "m": 800, "f": null}, "start_time": "Tue Dec 21 14:23:34 2021", "current_time": "Tue Dec 21 14:23:39 2021", "run_time_in_seconds": 5, "measurements": 800, "moves_per_measurement": 1, "kappa_latest": 0.18, "mean_latest": 0.00405082640704373, "err_latest": 2.0, "correlation_time_latest": 5.0, "full_results": [[0.08, 0.12461187906693438, 0.002043398064023664, 5.0, 11.0], [0.09, 0.14549420261804588, 0.0020376285458459874, 5.0, 11.0], [0.1, 0.17285482804007657, 0.005137225324342125, 7.0, 15.0], [0.11, 0.20646580412890225, 0.007837010708909827, 7.0, 15.0], [0.12, 0.28313599957787555, 0.008961017964864627, 14.0, 26.0], [0.13, 0.41583491033677245, 0.010653051098078499, 31.0, 58.0], [0.13999999999999999, 0.5720596698459213, 0.01880327962119115, 5.0, 12.0], [0.15, 0.7068812875278048, 0.013154215585732112, 3.0, 8.0], [0.15999999999999998, 0.7888630338490442, 0.005484038812505056, 3.0, 8.0], [0.16999999999999998, 0.8467636133130301, 0.00360172145056583, 3.0, 8.0], [0.18, 0.8937965752254561, 0.00405082640704373, 2.0, 5.0]]}