{"parameters": {"w": 8, "ki": 0.08, "kf": 0.18, "ka": 11, "l": 1.0, "o": 30, "m": 800, "f": null}, "start_time": "Tue Dec 21 17:12:53 2021", "current_time": "Tue Dec 21 17:19:56 2021", "run_time_in_seconds": 422, "measurements": 800, "moves_per_measurement": 2, "kappa_latest": 0.18, "mean_latest": 0.0006380855956961423, "err_latest": 3.0, "correlation_time_latest": 422.0, "full_results": [[0.08, 0.01564739341340197, 0.000265775332258592, 5.0, 556.0], [0.09, 0.01751243410719571, 0.0006647505561778052, 7.0, 715.0], [0.1, 0.021956741291398758, 0.0007218734072448313, 8.0, 715.0], [0.11, 0.02809994253313385, 0.0011297452674679765, 6.0, 557.0], [0.12, 0.03947674920849391, 0.0010481480243910673, 13.0, 1214.0], [0.13, 0.07420571193611844, 0.0019509480874956543, 31.0, 2687.0], [0.13999999999999999, 0.4187828162454966, 0.005126016333191443, 9.0, 903.0], [0.15, 0.6307904680955856, 0.0014954448891227436, 8.0, 755.0], [0.15999999999999998, 0.7442699310272718, 0.001161769251419803, 4.0, 414.0], [0.16999999999999998, 0.8241684296460837, 0.0010100973948720053, 3.0, 423.0], [0.18, 0.8828166723877656, 0.0006380855956961423, 3.0, 422.0]]}