{"parameters": {"w": 10, "ki": 0.08, "kf": 0.18, "ka": 11, "l": 1.0, "o": 30, "m": 800, "f": null}, "start_time": "Tue Dec 21 22:40:37 2021", "current_time": "Tue Dec 21 22:50:30 2021", "run_time_in_seconds": 593, "measurements": 800, "moves_per_measurement": 1, "kappa_latest": 0.18, "mean_latest": 0.0005582332719511965, "err_latest": 2.0, "correlation_time_latest": 593.0, "full_results": [[0.08, 0.010761962059147022, 0.00039525010768873834, 4.0, 955.0], [0.09, 0.011757318302926771, 0.0005523664597155819, 4.0, 957.0], [0.1, 0.015102160986077279, 0.0007430305385951694, 5.0, 1345.0], [0.11, 0.01771380992284981, 0.0007564490493335323, 6.0, 1349.0], [0.12, 0.02508421911339869, 0.00125975588149707, 10.0, 2152.0], [0.13, 0.054956292221203, 0.0024290066776948152, 16.0, 3434.0], [0.13999999999999999, 0.429751808368389, 0.001552732853642427, 58.0, 10012.0], [0.15, 0.6319543436176408, 0.0009017078653164166, 8.0, 1806.0], [0.15999999999999998, 0.7449886580325138, 0.0003421676215176652, 5.0, 1420.0], [0.16999999999999998, 0.8223919998602618, 0.0005710229867807928, 3.0, 1005.0], [0.18, 0.8824596856895026, 0.0005582332719511965, 2.0, 593.0]]}