{"parameters": {"w": 10, "ki": 0.08, "kf": 0.18, "ka": 11, "l": 2.0, "o": 30, "m": 800, "f": null}, "start_time": "Tue Dec 21 22:44:01 2021", "current_time": "Tue Dec 21 22:55:04 2021", "run_time_in_seconds": 662, "measurements": 800, "moves_per_measurement": 1, "kappa_latest": 0.18, "mean_latest": 0.00029662834123757835, "err_latest": 2.0, "correlation_time_latest": 662.0, "full_results": [[0.08, 0.0136840410918618, 0.00045682105602547093, 4.0, 1106.0], [0.09, 0.01745629855600751, 0.0005899372393415818, 6.0, 1561.0], [0.1, 0.02374826776656632, 0.0008750741578174917, 10.0, 2499.0], [0.11, 0.043678068657037813, 0.0014648158152836025, 16.0, 3891.0], [0.12, 0.3825598037442012, 0.0031719001677002257, 43.0, 10009.0], [0.13, 0.6135483524615036, 0.0008657370782326408, 8.0, 2071.0], [0.13999999999999999, 0.7219313127937858, 0.00045331339872006445, 4.0, 1144.0], [0.15, 0.7934316424289309, 0.0005222278396959211, 3.0, 1138.0], [0.15999999999999998, 0.8444595028710754, 0.00031951050447799395, 2.0, 668.0], [0.16999999999999998, 0.8822615045797375, 0.00036124400275104124, 2.0, 664.0], [0.18, 0.9123294409292114, 0.00029662834123757835, 2.0, 662.0]]}