{"parameters": {"w": 12, "ki": 0.08, "kf": 0.18, "ka": 11, "l": 1.5, "o": 30, "m": 800, "f": null}, "start_time": "Wed Dec 22 06:51:28 2021", "current_time": "Wed Dec 22 07:28:04 2021", "run_time_in_seconds": 2195, "measurements": 800, "moves_per_measurement": 2, "kappa_latest": 0.18, "mean_latest": 0.00024140949120212243, "err_latest": 3.0, "correlation_time_latest": 2195.0, "full_results": [[0.08, 0.00814750633890851, 0.0001655670264168327, 5.0, 2967.0], [0.09, 0.009697922136458915, 0.0002567336002237502, 5.0, 2974.0], [0.1, 0.012403904162495557, 0.0004732279477479633, 7.0, 3844.0], [0.11, 0.01806144743343025, 0.0008058858852221898, 8.0, 3859.0], [0.12, 0.04277704991503637, 0.002642155901652158, 20.0, 9061.0], [0.13, 0.42132092697506457, 0.0018364185828518593, 29.0, 10009.0], [0.13999999999999999, 0.6229689624118974, 0.0006458304382531853, 6.0, 3077.0], [0.15, 0.7287206439189805, 0.000413354082191844, 5.0, 3092.0], [0.15999999999999998, 0.8007493622776071, 0.0003332371221864288, 3.0, 2182.0], [0.16999999999999998, 0.8527771246309586, 0.00031090293464648716, 3.0, 2191.0], [0.18, 0.8944143715457331, 0.00024140949120212243, 3.0, 2195.0]]}