{"parameters": {"w": 11, "ki": 0.08, "kf": 0.18, "ka": 11, "l": 2.0, "o": 30, "m": 800, "f": null}, "start_time": "Wed Dec 22 03:45:10 2021", "current_time": "Wed Dec 22 04:01:22 2021", "run_time_in_seconds": 971, "measurements": 800, "moves_per_measurement": 1, "kappa_latest": 0.18, "mean_latest": 0.0002600171868037334, "err_latest": 2.0, "correlation_time_latest": 971.0, "full_results": [[0.08, 0.011216298694990553, 0.00044711960309681094, 4.0, 1606.0], [0.09, 0.013977611472934715, 0.000778044925218432, 6.0, 2280.0], [0.1, 0.020662092608855598, 0.0004513960450966636, 20.0, 6979.0], [0.11, 0.0385938505755736, 0.0015565488456366005, 21.0, 7662.0], [0.12, 0.3842156083580356, 0.003164588000338814, 19.0, 7037.0], [0.13, 0.6148706018869776, 0.000816122488628531, 10.0, 3681.0], [0.13999999999999999, 0.7232896862117407, 0.0006932838131480595, 4.0, 1642.0], [0.15, 0.7936342626452187, 0.00022824640013104923, 3.0, 1642.0], [0.15999999999999998, 0.8438578084453712, 0.0003046167713122684, 3.0, 1641.0], [0.16999999999999998, 0.8818508079138686, 0.00016382436237164473, 3.0, 1639.0], [0.18, 0.9124624391669214, 0.0002600171868037334, 2.0, 971.0]]}