{"parameters": {"w": 8, "ki": 0.08, "kf": 0.18, "ka": 11, "l": 1.5, "o": 30, "m": 800, "f": null}, "start_time": "Tue Dec 21 17:02:19 2021", "current_time": "Tue Dec 21 17:06:38 2021", "run_time_in_seconds": 259, "measurements": 800, "moves_per_measurement": 1, "kappa_latest": 0.18, "mean_latest": 0.0006500950630457553, "err_latest": 2.0, "correlation_time_latest": 259.0, "full_results": [[0.08, 0.017278326044541485, 0.00044291667633017466, 4.0, 421.0], [0.09, 0.020701553136075638, 0.0006482421332994641, 5.0, 595.0], [0.1, 0.027092258226130927, 0.0011430195585842803, 5.0, 594.0], [0.11, 0.03708934315956304, 0.0015690261148338495, 12.0, 1114.0], [0.12, 0.07855848448192983, 0.004779276903836326, 24.0, 2173.0], [0.13, 0.41892369044398087, 0.00538547860463245, 13.0, 1316.0], [0.13999999999999999, 0.6210786740955718, 0.001824595825986875, 5.0, 612.0], [0.15, 0.7285932889967942, 0.0011449495066908307, 5.0, 620.0], [0.15999999999999998, 0.8012616484133546, 0.0007899056859616947, 3.0, 440.0], [0.16999999999999998, 0.8530088456163678, 0.0004543442093308401, 3.0, 444.0], [0.18, 0.8956432468559173, 0.0006500950630457553, 2.0, 259.0]]}