{"parameters": {"w": 3, "ki": 0.08, "kf": 0.18, "ka": 11, "l": 1.0, "o": 30, "m": 800, "f": null}, "start_time": "Tue Dec 21 14:18:25 2021", "current_time": "Tue Dec 21 14:18:33 2021", "run_time_in_seconds": 7, "measurements": 800, "moves_per_measurement": 2, "kappa_latest": 0.08, "mean_latest": 0.0030600695490470235, "err_latest": 4.0, "correlation_time_latest": 7.0, "full_results": [[0.08, 0.1065151663466783, 0.0030600695490470235, 4.0, 7.0], [1.1444919375261087e+243, 1.1178936264612674e+253, 3.450006333420812e-85, 2.1687411011301614e-27, 2.376369424020869e-38], [6.240245110199561e-85, 4.61985816688948e+281, 1.8032488297662177e-259, 5.831759200420808e+252, 1.968733386213872e-153], [9.792458977326282e+199, 1.4397992853217712e+214, 1.1718010175898604e-47, 1.2800850288344483e+213, 6.849791422038015e+180], [1.1930754823718736e+190, 6.97303535985392e+252, 1.1718010175898604e-47, 1.2789382491870195e+213, 1.4886137280979303e+195], [6.707233660695756e+199, 3.94357082784704e+180, 3.0096788676799356e-67, 7.100840879044574e+194, 5.03889026083011e+175], [5.930492968362227e-38, 8.397791949328026e+217, 4.61987478598164e+281, 1.4780464779063963e-259, 2.0513253176710243e+161], [3.0333183084958844e+180, 7.007454679533689e-77, 4.4057185926251966e-85, 1.1090150233399076e+200, 1.0329067460977399e-47], [8.389165244969441e+217, 5.038724253934038e+175, 1.8032413047627083e-259, 6.980269115808149e+199, 4.676612683957409e+252], [1.1347226268337426e+275, 7.352807569885602e+223, 1.4886137271633946e+195, 1.719593399075517e+270, 2.7318508430406363e+204], [1.9684136233883652e-153, 9.79432775299978e+199, 1.6758346790721147e+243, 9.692910798176413e-72, 1.1571124217425776e-306]]}