{"parameters": {"w": 5, "ki": 0.08, "kf": 0.18, "ka": 11, "l": 2.0, "o": 30, "m": 800, "f": null}, "start_time": "Tue Dec 21 14:41:24 2021", "current_time": "Tue Dec 21 14:42:07 2021", "run_time_in_seconds": 43, "measurements": 800, "moves_per_measurement": 1, "kappa_latest": 0.18, "mean_latest": 0.0007307595291877225, "err_latest": 2.0, "correlation_time_latest": 43.0, "full_results": [[0.08, 0.049770991488572836, 0.0016187354417632903, 5.0, 100.0], [0.09, 0.06302370802261832, 0.0016505961839334933, 6.0, 101.0], [0.1, 0.08282653703217499, 0.004554755310094861, 6.0, 101.0], [0.11, 0.13921527113217716, 0.007394896875670534, 18.0, 277.0], [0.12, 0.3563074296631396, 0.011288912771708256, 18.0, 281.0], [0.13, 0.6116787592985832, 0.005492927786373793, 4.0, 74.0], [0.13999999999999999, 0.7206443021788587, 0.0022387604656049667, 5.0, 103.0], [0.15, 0.7911978325310235, 0.0022893355942111616, 3.0, 73.0], [0.15999999999999998, 0.8438611613317392, 0.0016959170828707425, 2.0, 43.0], [0.16999999999999998, 0.8820184759038787, 0.0008323459900663877, 3.0, 73.0], [0.18, 0.9130061667579795, 0.0007307595291877225, 2.0, 43.0]]}