{"parameters": {"w": 7, "ki": 0.08, "kf": 0.18, "ka": 11, "l": 1.0, "o": 30, "m": 800, "f": null}, "start_time": "Tue Dec 21 15:48:39 2021", "current_time": "Tue Dec 21 15:52:43 2021", "run_time_in_seconds": 244, "measurements": 800, "moves_per_measurement": 2, "kappa_latest": 0.18, "mean_latest": 0.0007373775934552889, "err_latest": 4.0, "correlation_time_latest": 244.0, "full_results": [[0.08, 0.019578007998085546, 0.0009445383872403623, 4.0, 228.0], [0.09, 0.024857945433857602, 0.0006050264430041051, 6.0, 322.0], [0.1, 0.026408771355812953, 0.0009402066738098242, 5.0, 323.0], [0.11, 0.03334091571825136, 0.0011225325949221075, 9.0, 516.0], [0.12, 0.04999690374011552, 0.002166808320087539, 11.0, 613.0], [0.13, 0.09198009120223677, 0.0028100114208981617, 26.0, 1283.0], [0.13999999999999999, 0.42104347191280816, 0.007223726944800259, 11.0, 627.0], [0.15, 0.6297967161533926, 0.002660878489882817, 5.0, 340.0], [0.15999999999999998, 0.7433884747681931, 0.0013890619142901423, 3.0, 241.0], [0.16999999999999998, 0.8222698304270638, 0.001230458466425992, 4.0, 244.0], [0.18, 0.8821608019707515, 0.0007373775934552889, 4.0, 244.0]]}