{"parameters": {"w": 14, "ki": 0.08, "kf": 0.18, "ka": 11, "l": 2.0, "o": 30, "m": 800, "f": null}, "start_time": "Wed Dec 22 08:29:58 2021", "current_time": "Wed Dec 22 11:16:47 2021", "run_time_in_seconds": 10009, "measurements": 524, "moves_per_measurement": 8, "kappa_latest": 0.1, "mean_latest": 0.000451537548724564, "err_latest": 16.0, "correlation_time_latest": 10009.0, "full_results": [[0.08, 0.007915737440552129, 0.0003855515126995837, 3.0, 4270.0], [0.09, 0.009687462510152067, 0.00044034888796135545, 6.0, 6046.0], [0.1, 0.01433711825397509, 0.000451537548724564, 16.0, 10009.0], [1.2800850288344101e+213, 6.849791422038015e+180, 7.685288604859613e+170, 9.927139210080241e+247, 2.7583354980678373e+212], [4.2037042597279265e+228, 1.96873338621489e-153, 3.2834825158662076e-85, 4.6766134348279265e+252, 2.7583579073910575e+212], [7.351678102329388e+223, 1.9696005598034096e-153, 1.2306508541533481e+171, 1.119290352512197e+200, 5.598674236144208e-67], [6.240196180001494e-85, 9.3035056742733e+199, 1.8032462668430048e-259, 2.0513253176710243e+161, 3.0333183084958844e+180], [7.007454679533689e-77, 4.4057185926251966e-85, 1.1090150233399076e+200, 4.435726722456581e-38, 8.389165244969441e+217], [5.038724253934038e+175, 1.9658375186121023e-259, 6.980269115808149e+199, 4.676612683957409e+252, 1.134046409833889e+275], [7.352807569885602e+223, 1.4886137271633946e+195, 1.7195893685081102e+270, 2.7318508430406363e+204, 1.9684136233883652e-153], [7.685288604722861e+170, 5.931021320233376e-85, 1.0334412990073067e-47, 5e-323, 0.0]]}