{"parameters": {"w": 11, "ki": 0.08, "kf": 0.18, "ka": 11, "l": 1.0, "o": 30, "m": 800, "f": null}, "start_time": "Wed Dec 22 03:32:27 2021", "current_time": "Wed Dec 22 03:47:16 2021", "run_time_in_seconds": 888, "measurements": 800, "moves_per_measurement": 1, "kappa_latest": 0.18, "mean_latest": 0.00045583477467648037, "err_latest": 2.0, "correlation_time_latest": 888.0, "full_results": [[0.08, 0.008440595495542188, 0.00033329221351223877, 4.0, 1412.0], [0.09, 0.009338561533807216, 0.00028104163266622686, 4.0, 1415.0], [0.1, 0.011643299867916552, 0.0003906509812674521, 5.0, 2007.0], [0.11, 0.015611219972732154, 0.0004567109641629115, 8.0, 2599.0], [0.12, 0.02268374990744279, 0.0008242483126637882, 20.0, 6153.0], [0.13, 0.04606621783640575, 0.0022481140062039716, 19.0, 6178.0], [0.13999999999999999, 0.4310267184266944, 0.0014516279208515613, 33.0, 10003.0], [0.15, 0.6307700444145649, 0.00047427005771050163, 9.0, 3322.0], [0.15999999999999998, 0.7446204856209234, 0.0004842900245607218, 6.0, 2103.0], [0.16999999999999998, 0.8226340499960318, 0.0003397128010591817, 3.0, 1497.0], [0.18, 0.8833853584825648, 0.00045583477467648037, 2.0, 888.0]]}