{"parameters": {"w": 3, "ki": 0.08, "kf": 0.18, "ka": 11, "l": 1.0, "o": 30, "m": 800, "f": null}, "start_time": "Tue Dec 21 14:23:58 2021", "current_time": "Tue Dec 21 14:24:06 2021", "run_time_in_seconds": 8, "measurements": 800, "moves_per_measurement": 2, "kappa_latest": 0.18, "mean_latest": 0.005774976689907563, "err_latest": 3.0, "correlation_time_latest": 8.0, "full_results": [[0.08, 0.10725691769374128, 0.003651734288354783, 4.0, 7.0], [0.09, 0.11610821593426393, 0.0056275690925265695, 4.0, 7.0], [0.1, 0.14041830904435287, 0.0030416546451008802, 5.0, 11.0], [0.11, 0.1485328964884076, 0.002769756752811273, 8.0, 14.0], [0.12, 0.20014655044446839, 0.008433706239082354, 8.0, 14.0], [0.13, 0.2802542433054461, 0.0071842301899658, 17.0, 30.0], [0.13999999999999999, 0.41401065212964666, 0.008298333669428322, 32.0, 55.0], [0.15, 0.5980098621023042, 0.008126644501111422, 54.0, 92.0], [0.15999999999999998, 0.739141828177347, 0.010106213080308521, 3.0, 8.0], [0.16999999999999998, 0.8224229067769174, 0.004752676020258904, 4.0, 8.0], [0.18, 0.8788014228737235, 0.005774976689907563, 3.0, 8.0]]}