{"parameters": {"w": 5, "ki": 0.08, "kf": 0.18, "ka": 11, "l": 1.0, "o": 30, "m": 800, "f": null}, "start_time": "Tue Dec 21 14:42:27 2021", "current_time": "Tue Dec 21 14:43:31 2021", "run_time_in_seconds": 63, "measurements": 800, "moves_per_measurement": 2, "kappa_latest": 0.18, "mean_latest": 0.0016144643953608648, "err_latest": 3.0, "correlation_time_latest": 63.0, "full_results": [[0.08, 0.038651060338427, 0.0015033074570573698, 3.0, 59.0], [0.09, 0.040280800964423845, 0.001384908158124598, 4.0, 59.0], [0.1, 0.051722572971606685, 0.0023173196979084103, 6.0, 84.0], [0.11, 0.06413682217140806, 0.002741253304226811, 7.0, 109.0], [0.12, 0.08937679684681457, 0.003816089475835479, 10.0, 133.0], [0.13, 0.1426517592199385, 0.0029426152707541786, 28.0, 356.0], [0.13999999999999999, 0.4047582941980294, 0.008123510407441836, 24.0, 312.0], [0.15, 0.6270490934459697, 0.002793865939436252, 7.0, 112.0], [0.15999999999999998, 0.7444749438812808, 0.0019946389508314765, 3.0, 63.0], [0.16999999999999998, 0.8233484044373267, 0.00238403055243329, 3.0, 63.0], [0.18, 0.8808766974509336, 0.0016144643953608648, 3.0, 63.0]]}