{"parameters": {"w": 9, "ki": 0.08, "kf": 0.18, "ka": 11, "l": 1.0, "o": 30, "m": 800, "f": null}, "start_time": "Tue Dec 21 19:13:57 2021", "current_time": "Tue Dec 21 19:25:12 2021", "run_time_in_seconds": 675, "measurements": 800, "moves_per_measurement": 2, "kappa_latest": 0.18, "mean_latest": 0.0004991087621736078, "err_latest": 3.0, "correlation_time_latest": 675.0, "full_results": [[0.08, 0.012298394572491766, 0.0004518858475232441, 4.0, 631.0], [0.09, 0.013748020385553289, 0.0004053162535708851, 5.0, 892.0], [0.1, 0.01792930519402916, 0.00048772505718876566, 7.0, 1154.0], [0.11, 0.021686953919295097, 0.00047237700212945016, 7.0, 1158.0], [0.12, 0.029815178957804566, 0.0016409367458306986, 9.0, 1433.0], [0.13, 0.05934043000021076, 0.00324829574193007, 22.0, 3029.0], [0.13999999999999999, 0.4307980059285928, 0.002490078547809164, 27.0, 3906.0], [0.15, 0.6315961305936193, 0.0008608734351397146, 5.0, 928.0], [0.15999999999999998, 0.743968998027863, 0.0010538617538101674, 4.0, 665.0], [0.16999999999999998, 0.8222242108840205, 0.0007877398800535729, 3.0, 674.0], [0.18, 0.8830254104656827, 0.0004991087621736078, 3.0, 675.0]]}