{"parameters": {"w": 7, "ki": 0.08, "kf": 0.18, "ka": 11, "l": 2.0, "o": 30, "m": 800, "f": null}, "start_time": "Tue Dec 21 15:43:42 2021", "current_time": "Tue Dec 21 15:46:24 2021", "run_time_in_seconds": 162, "measurements": 800, "moves_per_measurement": 1, "kappa_latest": 0.18, "mean_latest": 0.0006734744857626681, "err_latest": 2.0, "correlation_time_latest": 162.0, "full_results": [[0.08, 0.025911428771517246, 0.0011267878722962825, 4.0, 270.0], [0.09, 0.03247674521567555, 0.0012247380853822817, 9.0, 600.0], [0.1, 0.04444716409424602, 0.0018249143630986603, 9.0, 605.0], [0.11, 0.08634712241446432, 0.0030662114781876723, 15.0, 940.0], [0.12, 0.37062415134012794, 0.005239602644482006, 12.0, 723.0], [0.13, 0.6112775712339196, 0.002699711379261153, 4.0, 275.0], [0.13999999999999999, 0.7229374730579381, 0.0010331631630612784, 4.0, 276.0], [0.15, 0.7942178229293316, 0.0008153725898484378, 3.0, 275.0], [0.15999999999999998, 0.8439678366283674, 0.0007196436556864352, 3.0, 279.0], [0.16999999999999998, 0.8823793645126663, 0.0008950845082910958, 2.0, 163.0], [0.18, 0.9123737178543141, 0.0006734744857626681, 2.0, 162.0]]}