{"parameters": {"w": 9, "ki": 0.08, "kf": 0.18, "ka": 11, "l": 2.0, "o": 30, "m": 800, "f": null}, "start_time": "Tue Dec 21 19:17:27 2021", "current_time": "Tue Dec 21 19:24:41 2021", "run_time_in_seconds": 434, "measurements": 800, "moves_per_measurement": 1, "kappa_latest": 0.18, "mean_latest": 0.0004855160039094848, "err_latest": 2.0, "correlation_time_latest": 434.0, "full_results": [[0.08, 0.016873943734985335, 0.0005620455699302199, 5.0, 1011.0], [0.09, 0.022147896312837288, 0.0006301960795016958, 12.0, 1907.0], [0.1, 0.028160228094882382, 0.0009036600932971518, 14.0, 2200.0], [0.11, 0.05114537067810765, 0.002046256183638644, 14.0, 2203.0], [0.12, 0.3693798895483037, 0.005815297695316169, 27.0, 4353.0], [0.13, 0.6125403232497132, 0.0013652201646218425, 5.0, 1037.0], [0.13999999999999999, 0.7242657311335419, 0.0008575477065575855, 4.0, 743.0], [0.15, 0.7937297721153266, 0.0007293801508866512, 3.0, 738.0], [0.15999999999999998, 0.8430260510100691, 0.0003756163638419076, 2.0, 433.0], [0.16999999999999998, 0.8820634726987425, 0.0002443753486628111, 2.0, 433.0], [0.18, 0.912216291549108, 0.0004855160039094848, 2.0, 434.0]]}