{"parameters": {"w": 3, "ki": 0.08, "kf": 0.18, "ka": 11, "l": 2.0, "o": 30, "m": 800, "f": null}, "start_time": "Tue Dec 21 14:25:12 2021", "current_time": "Tue Dec 21 14:25:18 2021", "run_time_in_seconds": 5, "measurements": 800, "moves_per_measurement": 1, "kappa_latest": 0.18, "mean_latest": 0.0017193695049680597, "err_latest": 2.0, "correlation_time_latest": 5.0, "full_results": [[0.08, 0.13327095499906644, 0.005094746035839161, 5.0, 13.0], [0.09, 0.17449528048352775, 0.006858223817539436, 7.0, 16.0], [0.1, 0.1983595328115944, 0.006979207027232148, 6.0, 13.0], [0.11, 0.2842590458404566, 0.006433487001566952, 16.0, 32.0], [0.12, 0.40392792105775904, 0.01710582756455387, 6.0, 13.0], [0.13, 0.5770349708742131, 0.008023012629337405, 65.0, 127.0], [0.13999999999999999, 0.7198762645324907, 0.007372989521020774, 5.0, 13.0], [0.15, 0.7813343083766079, 0.004666616560279128, 7.0, 17.0], [0.15999999999999998, 0.8427261133165078, 0.0025695218962573313, 3.0, 9.0], [0.16999999999999998, 0.8812960345785477, 0.003600796658508224, 3.0, 9.0], [0.18, 0.9144029801995558, 0.0017193695049680597, 2.0, 5.0]]}