{"parameters": {"w": 7, "ki": 0.08, "kf": 0.18, "ka": 11, "l": 1.5, "o": 30, "m": 800, "f": null}, "start_time": "Tue Dec 21 15:35:56 2021", "current_time": "Tue Dec 21 15:38:31 2021", "run_time_in_seconds": 155, "measurements": 800, "moves_per_measurement": 1, "kappa_latest": 0.18, "mean_latest": 0.0005104883099462634, "err_latest": 2.0, "correlation_time_latest": 155.0, "full_results": [[0.08, 0.022441149958536025, 0.0007623574971290506, 3.0, 251.0], [0.09, 0.026920184047081252, 0.0007680258629281246, 5.0, 355.0], [0.1, 0.03610383565489932, 0.0013727469991192647, 6.0, 356.0], [0.11, 0.04607071134558204, 0.0010947860772232874, 7.0, 462.0], [0.12, 0.08446910700393212, 0.0034644025976689964, 15.0, 878.0], [0.13, 0.40832738823194814, 0.013268774504117948, 12.0, 680.0], [0.13999999999999999, 0.6227953389470617, 0.0015641598893411824, 5.0, 365.0], [0.15, 0.7306364071644424, 0.0011053944952160743, 3.0, 261.0], [0.15999999999999998, 0.8019437318102014, 0.00101902424243727, 4.0, 265.0], [0.16999999999999998, 0.8533876933618283, 0.0008171697007809154, 2.0, 158.0], [0.18, 0.8953921096735462, 0.0005104883099462634, 2.0, 155.0]]}