{"parameters": {"w": 8, "ki": 0.08, "kf": 0.18, "ka": 11, "l": 2.0, "o": 30, "m": 800, "f": null}, "start_time": "Tue Dec 21 17:40:20 2021", "current_time": "Tue Dec 21 17:45:02 2021", "run_time_in_seconds": 281, "measurements": 800, "moves_per_measurement": 1, "kappa_latest": 0.18, "mean_latest": 0.0004813618545300088, "err_latest": 2.0, "correlation_time_latest": 281.0, "full_results": [[0.08, 0.02176469246583918, 0.0009309828366904032, 5.0, 652.0], [0.09, 0.0272921739130143, 0.0012374815656756458, 7.0, 839.0], [0.1, 0.03565249455409428, 0.001187765066402121, 13.0, 1414.0], [0.11, 0.06601019986840015, 0.0022417782069355306, 18.0, 1804.0], [0.12, 0.37097458748699336, 0.003871626664800429, 28.0, 2782.0], [0.13, 0.6177067083345664, 0.001370373234435092, 11.0, 1255.0], [0.13999999999999999, 0.7229733816735967, 0.000646759930330657, 5.0, 668.0], [0.15, 0.7940185443631151, 0.0006056305090783346, 3.0, 478.0], [0.15999999999999998, 0.8435926578756673, 0.00042323338101583, 3.0, 475.0], [0.16999999999999998, 0.8818649390011777, 0.0006005639881510181, 2.0, 280.0], [0.18, 0.9125743645826201, 0.0004813618545300088, 2.0, 281.0]]}