{"parameters": {"w": 9, "ki": 0.08, "kf": 0.18, "ka": 11, "l": 1.5, "o": 30, "m": 800, "f": null}, "start_time": "Tue Dec 21 18:41:27 2021", "current_time": "Tue Dec 21 18:48:08 2021", "run_time_in_seconds": 400, "measurements": 800, "moves_per_measurement": 1, "kappa_latest": 0.18, "mean_latest": 0.0006127875922595677, "err_latest": 2.0, "correlation_time_latest": 400.0, "full_results": [[0.08, 0.013779629770473714, 0.00041496434980099875, 4.0, 649.0], [0.09, 0.01680574823635176, 0.0007505235002587361, 5.0, 918.0], [0.1, 0.02030829489078923, 0.0008472097398466195, 5.0, 921.0], [0.11, 0.03142676806461077, 0.0012837116849221293, 12.0, 1731.0], [0.12, 0.059896027279306596, 0.0032985104038690694, 21.0, 3105.0], [0.13, 0.421973164650545, 0.003617309672515051, 13.0, 2043.0], [0.13999999999999999, 0.6227618319881504, 0.0011771871321311696, 6.0, 950.0], [0.15, 0.7288890722636885, 0.00087938145729746, 4.0, 677.0], [0.15999999999999998, 0.8026592876992223, 0.0007031410784613793, 2.0, 398.0], [0.16999999999999998, 0.8533005206787129, 0.00030082985534800685, 3.0, 681.0], [0.18, 0.8950165499243982, 0.0006127875922595677, 2.0, 400.0]]}