{"parameters": {"w": 12, "ki": 0.08, "kf": 0.18, "ka": 11, "l": 2.0, "o": 30, "m": 800, "f": null}, "start_time": "Wed Dec 22 07:39:10 2021", "current_time": "Wed Dec 22 08:02:50 2021", "run_time_in_seconds": 1420, "measurements": 800, "moves_per_measurement": 1, "kappa_latest": 0.18, "mean_latest": 0.0002883947428360349, "err_latest": 2.0, "correlation_time_latest": 1420.0, "full_results": [[0.08, 0.010357007601072627, 0.00028903641660687, 5.0, 3303.0], [0.09, 0.012548781047963165, 0.0004105958450843729, 5.0, 3268.0], [0.1, 0.017164434913001743, 0.0007432344570563027, 12.0, 6207.0], [0.11, 0.034904826018620376, 0.0013981452409168752, 31.0, 10027.0], [0.12, 0.38294527017104685, 0.00204379407486312, 18.0, 9133.0], [0.13, 0.6138096384178492, 0.000834873983248208, 5.0, 3378.0], [0.13999999999999999, 0.7232671386012383, 0.0005713684584227993, 4.0, 2396.0], [0.15, 0.7939642382643999, 0.00023121791191652515, 4.0, 2390.0], [0.15999999999999998, 0.8436581919209717, 0.0003009008222926766, 3.0, 2382.0], [0.16999999999999998, 0.8816864356610701, 0.0002544924267671958, 2.0, 1416.0], [0.18, 0.9124887569595321, 0.0002883947428360349, 2.0, 1420.0]]}