{"parameters": {"w": 4, "ki": 0.08, "kf": 0.18, "ka": 11, "l": 2.0, "o": 30, "m": 800, "f": null}, "start_time": "Tue Dec 21 14:29:00 2021", "current_time": "Tue Dec 21 14:29:17 2021", "run_time_in_seconds": 16, "measurements": 800, "moves_per_measurement": 1, "kappa_latest": 0.18, "mean_latest": 0.00209819020711435, "err_latest": 2.0, "correlation_time_latest": 16.0, "full_results": [[0.08, 0.0756457829574474, 0.0030250587355091832, 4.0, 28.0], [0.09, 0.08857170628716347, 0.0036886566090337694, 5.0, 39.0], [0.1, 0.12229393750254731, 0.004895439121259279, 8.0, 51.0], [0.11, 0.1851731919446819, 0.006015142438247697, 21.0, 133.0], [0.12, 0.386401662301228, 0.012853132612083247, 11.0, 75.0], [0.13, 0.6062659103435388, 0.003149881850439649, 10.0, 64.0], [0.13999999999999999, 0.7251968912818264, 0.0040862163820059106, 4.0, 29.0], [0.15, 0.7924622347595743, 0.0015719395050082868, 3.0, 29.0], [0.15999999999999998, 0.842327309968077, 0.0015836340065995852, 4.0, 29.0], [0.16999999999999998, 0.8820549443202002, 0.0013131192301902136, 2.0, 17.0], [0.18, 0.9114312744330624, 0.00209819020711435, 2.0, 16.0]]}