{"parameters": {"w": 12, "ki": 0.08, "kf": 0.18, "ka": 11, "l": 1.0, "o": 30, "m": 800, "f": null}, "start_time": "Wed Dec 22 07:30:03 2021", "current_time": "Wed Dec 22 07:51:03 2021", "run_time_in_seconds": 1259, "measurements": 800, "moves_per_measurement": 1, "kappa_latest": 0.18, "mean_latest": 0.0005660855938337358, "err_latest": 2.0, "correlation_time_latest": 1259.0, "full_results": [[0.08, 0.007286461688428063, 0.00021050100364955208, 4.0, 2002.0], [0.09, 0.008564676726855416, 0.0004548162480600745, 4.0, 2016.0], [0.1, 0.010625419455520358, 0.0005006379613826583, 6.0, 2872.0], [0.11, 0.012772740760374848, 0.00035129486188958356, 8.0, 3858.0], [0.12, 0.01772067163287358, 0.00046973114253849704, 13.0, 6267.0], [0.13, 0.04183545364928459, 0.0021253137377617525, 29.0, 10009.0], [0.13999999999999999, 0.43009926824653866, 0.0026161463457273822, 69.0, 10021.0], [0.15, 0.6320017881865112, 0.000773483501554153, 6.0, 2972.0], [0.15999999999999998, 0.7453293802254175, 0.00045809322704830693, 4.0, 2119.0], [0.16999999999999998, 0.8226002762716818, 0.0002915256976810023, 2.0, 1258.0], [0.18, 0.881890087397729, 0.0005660855938337358, 2.0, 1259.0]]}