{"parameters": {"w": 4, "ki": 0.08, "kf": 0.18, "ka": 11, "l": 1.5, "o": 30, "m": 800, "f": null}, "start_time": "Tue Dec 21 14:28:01 2021", "current_time": "Tue Dec 21 14:28:16 2021", "run_time_in_seconds": 15, "measurements": 800, "moves_per_measurement": 1, "kappa_latest": 0.18, "mean_latest": 0.0024935364544607613, "err_latest": 2.0, "correlation_time_latest": 15.0, "full_results": [[0.08, 0.0685744245495689, 0.0020731484503816147, 4.0, 25.0], [0.09, 0.07787358357213617, 0.002967007276205388, 5.0, 36.0], [0.1, 0.1013471203731987, 0.003141779212595985, 21.0, 124.0], [0.11, 0.12799089501302158, 0.006206325900083691, 6.0, 36.0], [0.12, 0.2020485711665249, 0.004623830746600908, 10.0, 58.0], [0.13, 0.38816862787699546, 0.012574877270861961, 12.0, 69.0], [0.13999999999999999, 0.6132135915877734, 0.006573691334078549, 5.0, 37.0], [0.15, 0.7313937406440345, 0.003108721817945741, 3.0, 26.0], [0.15999999999999998, 0.7986424992059533, 0.0032507299471899527, 2.0, 15.0], [0.16999999999999998, 0.8492933973312071, 0.00400163786750647, 2.0, 15.0], [0.18, 0.8991832614589154, 0.0024935364544607613, 2.0, 15.0]]}