{"parameters": {"w": 11, "ki": 0.08, "kf": 0.18, "ka": 11, "l": 1.5, "o": 30, "m": 800, "f": null}, "start_time": "Tue Dec 21 12:16:35 2021", "current_time": "Tue Dec 21 12:30:04 2021", "run_time_in_seconds": 809, "measurements": 357, "moves_per_measurement": 4, "kappa_latest": 0.15999999999999998, "mean_latest": 0.8013976650137409, "err_latest": 0.0005509405431536784, "correlation_time_latest": 7.0, "full_results": [[0.08, 0.5824720960544589, 0.008691029111182488, 0.00025914477357967455, 12.0, 2337.0], [0.09, 0.5765681562051772, 0.009586580040424463, 0.00045322880364711735, 12.0, 2320.0], [0.1, 0.5699418243289393, 0.01181865931061577, 0.0006080831790986709, 10.0, 1967.0], [0.11, 0.5619783039291092, 0.016694682564592927, 0.0006179614808240896, 46.0, 8464.0], [0.12, 0.551897698963617, 0.03609836299374246, 0.0029067914402104503, 37.0, 7089.0], [0.13, 0.4884172870705553, 0.44521431848876764, 0.0007470336670911596, 66.0, 12178.0], [0.13999999999999999, 0.42916045449666784, 0.6293141096301549, 0.0006798858772288952, 27.0, 5286.0], [0.15, 0.38990285353264315, 0.7321209832338736, 0.0006854715958776871, 14.0, 2724.0], [0.15999999999999998, 0.36176615991659966, 0.8013976650137409, 0.0005509405431536784, 7.0, 809.0], [0.16999999999999998, 0.46125, 0.8545991782078902, 0.00035449359745686284, 5.0, 65.0], [0.18, 0.4775, 0.895231008511433, 0.0004614554825131151, 3.0, 46.0]]}