{"parameters": {"w": 13, "ki": 0.08, "kf": 0.18, "ka": 11, "l": 1.5, "o": 30, "m": 800, "f": null}, "start_time": "Tue Dec 21 11:41:34 2021", "current_time": "Tue Dec 21 12:30:34 2021", "run_time_in_seconds": 2939, "measurements": 164, "moves_per_measurement": 18, "kappa_latest": 0.12, "mean_latest": 0.025899608394639118, "err_latest": 0.003097481610449706, "correlation_time_latest": 35.0, "full_results": [[0.08, 0.582379118378208, 0.006610554063885485, 0.00022308652644234168, 7.0, 3122.0], [0.09, 0.5766916862154686, 0.007979956986649647, 0.0003219802325836344, 9.0, 3871.0], [0.1, 0.5700030986310003, 0.009167696261406596, 0.00041758183163224347, 10.0, 3862.0], [0.11, 0.5621385854447984, 0.012004047171031408, 0.0006805176377439569, 18.0, 6741.0], [0.12, 0.5521524367234149, 0.025899608394639118, 0.003097481610449706, 35.0, 2939.0], [0.13, 0.44300925925925927, 0.44607687115142436, 0.0013790644856993993, 54.0, 897.0], [0.13999999999999999, 0.413, 0.6301311120519235, 0.0009901127355690174, 10.0, 177.0], [0.15, 0.37107142857142855, 0.7321763003168671, 0.0005628635150957558, 14.0, 241.0], [0.15999999999999998, 0.344, 0.8019030458562192, 0.0002243555940222539, 10.0, 176.0], [0.16999999999999998, 0.345, 0.8533195580425055, 0.0002612751294494583, 7.0, 143.0], [0.18, 0.3159558823529412, 0.8951015560396274, 0.0001491797305626358, 33.0, 559.0]]}