{"parameters": {"w": 11, "ki": 0.08, "kf": 0.18, "ka": 11, "l": 2.0, "o": 30, "m": 800, "f": null}, "start_time": "Tue Dec 21 09:31:22 2021", "current_time": "Tue Dec 21 12:29:54 2021", "run_time_in_seconds": 10711, "measurements": 672, "moves_per_measurement": 34, "kappa_latest": 0.12, "mean_latest": 0.41692419666445096, "err_latest": 0.002262435262457748, "correlation_time_latest": 67.0, "full_results": [[0.08, 0.5405426297969499, 0.011007787977531292, 0.0006527489280101503, 13.0, 2734.0], [0.09, 0.5362104332439724, 0.011585206435022189, 0.00045794873521333136, 31.0, 6063.0], [0.1, 0.5308279403729254, 0.016264894285021668, 0.0006550559588058592, 55.0, 10501.0], [0.11, 0.5239650242225843, 0.02750665438856778, 0.0016532677066395248, 55.0, 10468.0], [0.12, 0.4841531910216446, 0.41692419666445096, 0.002262435262457748, 67.0, 10711.0], [0.13, 0.6088095238095238, 0.6211158764382098, 0.0006247563763312386, 41.0, 462.0], [0.13999999999999999, 0.5875, 0.7242753502542064, 0.0011096264832939006, 4.0, 52.0], [0.15, 0.55575, 0.7954254896562569, 0.00039195768666601427, 9.0, 115.0], [0.15999999999999998, 0.5625, 0.8440675729887598, 0.0003253197496098604, 6.0, 72.0], [0.16999999999999998, 0.575, 0.8820704172472185, 0.00035263703878972587, 4.0, 51.0], [0.18, 0.52875, 0.9132124426142267, 0.0004779422582177621, 4.0, 51.0]]}