{"parameters": {"w": 12, "ki": 0.08, "kf": 0.18, "ka": 11, "l": 2.0, "o": 30, "m": 800, "f": null}, "start_time": "Tue Dec 21 08:57:31 2021", "current_time": "Tue Dec 21 12:29:57 2021", "run_time_in_seconds": 12746, "measurements": 654, "moves_per_measurement": 30, "kappa_latest": 0.12, "mean_latest": 0.4165972233998412, "err_latest": 0.001768298630539199, "correlation_time_latest": 59.0, "full_results": [[0.08, 0.5405763472397587, 0.00853377693639312, 0.0003976057086856418, 21.0, 5799.0], [0.09, 0.536124698591821, 0.010789488237317287, 0.0009790997004353794, 9.0, 2793.0], [0.1, 0.5309692253637566, 0.011913238926477502, 0.0008676978358938938, 13.0, 3803.0], [0.11, 0.5239589306695427, 0.028066644766570687, 0.0030319634816225044, 21.0, 5812.0], [0.12, 0.484318943609129, 0.4165972233998412, 0.001768298630539199, 59.0, 12746.0], [0.13, 0.5588888888888889, 0.6202429211427437, 0.0006882201441483423, 18.0, 282.0], [0.13999999999999999, 0.53125, 0.7256670518672743, 0.00037322563904395976, 34.0, 520.0], [0.15, 0.5308333333333334, 0.794199992457403, 0.0002703721494980338, 6.0, 102.0], [0.15999999999999998, 0.487, 0.8443189411163985, 0.00014889241745525873, 10.0, 161.0], [0.16999999999999998, 0.4840625, 0.8820647174435452, 0.00022232030978275815, 7.0, 131.0], [0.18, 0.44125, 0.9134099975770823, 0.00021803311641965882, 3.0, 72.0]]}