{"parameters": {"w": 13, "ki": 0.08, "kf": 0.18, "ka": 11, "l": 1.0, "o": 30, "m": 800, "f": null}, "start_time": "Tue Dec 21 11:36:31 2021", "current_time": "Tue Dec 21 12:29:20 2021", "run_time_in_seconds": 3169, "measurements": 246, "moves_per_measurement": 13, "kappa_latest": 0.12, "mean_latest": 0.013734349420661037, "err_latest": 0.0009000243954714002, "correlation_time_latest": 26.0, "full_results": [[0.08, 0.5558139887725686, 0.005753454530855907, 0.0002895288352029627, 5.0, 2441.0], [0.09, 0.5498779512855526, 0.006471028258292683, 0.00025601272996381066, 11.0, 4593.0], [0.1, 0.5433367726095024, 0.007324804150104229, 0.0003797277604195365, 7.0, 3161.0], [0.11, 0.5361689279086866, 0.00861402150997818, 0.0005704305121637358, 9.0, 3897.0], [0.12, 0.5280816178330356, 0.013734349420661037, 0.0009000243954714002, 26.0, 3169.0], [0.13, 0.746796875, 0.02720143915952313, 0.002792069073443903, 31.0, 643.0], [0.13999999999999999, 0.7165357142857143, 0.45054313430867293, 0.0004920541137646943, 70.0, 1381.0], [0.15, 0.6770833333333334, 0.6378876003746958, 0.000536849968409138, 11.0, 249.0], [0.15999999999999998, 0.65125, 0.7474567855937164, 0.000411273943594711, 5.0, 133.0], [0.16999999999999998, 0.6345833333333334, 0.8238185018667938, 0.00027696698955007206, 5.0, 132.0], [0.18, 0.61, 0.8828265658282511, 0.0003568750912653149, 2.0, 55.0]]}