{"parameters": {"w": 13, "ki": 0.08, "kf": 0.18, "ka": 11, "l": 2.0, "o": 30, "m": 800, "f": null}, "start_time": "Tue Dec 21 09:32:33 2021", "current_time": "Tue Dec 21 12:29:47 2021", "run_time_in_seconds": 10634, "measurements": 384, "moves_per_measurement": 31, "kappa_latest": 0.1, "mean_latest": 0.011237788390742126, "err_latest": 0.0006278652837132866, "correlation_time_latest": 61.0, "full_results": [[0.08, 0.5405544547197227, 0.007648311648706116, 0.0004532429749641782, 15.0, 5859.0], [0.09, 0.5362091590513871, 0.008418876668493062, 0.0004581396023795512, 12.0, 4425.0], [0.1, 0.5308730773089705, 0.011237788390742126, 0.0006278652837132866, 61.0, 10634.0], [0.11, 0.5408870967741936, 0.020675307447307518, 0.0018416632693587134, 61.0, 1231.0], [0.12, 0.51425, 0.39476237034106143, 0.026292778387258565, 19.0, 407.0], [0.13, 0.47875, 0.620120954596161, 0.0005001932775067277, 24.0, 483.0], [0.13999999999999999, 0.4584375, 0.7261066558516843, 0.0005555532620310494, 7.0, 172.0], [0.15, 0.431, 0.795125283559625, 0.0004642958229303686, 9.0, 210.0], [0.15999999999999998, 0.4145, 0.8444578149301785, 0.00031766425197659866, 10.0, 210.0], [0.16999999999999998, 0.428125, 0.8820550624611055, 0.0002509384963367622, 7.0, 171.0], [0.18, 0.40375, 0.9130887038026947, 0.00042018029551037293, 2.0, 55.0]]}