{"parameters": {"iw": 3, "hw": 17, "ki": 0.08, "kf": 0.18, "li": 1.0, "lf": 2.0, "la": 3, "s": 300, "f": null}, "start_time": "Mon Dec 20 16:38:24 2021", "current_time": "Mon Dec 20 18:10:16 2021", "run_time_in_seconds": 5512, "current_width": 17, "current_lambda": 2.0, "fine_tuned_values": [[3, 1.0, 0.125, 8], [3, 1.5, 0.125, 8], [3, 2.0, 0.12, 8], [4, 1.0, 0.12, 8], [4, 1.5, 0.12, 8], [4, 2.0, 0.12, 8], [5, 1.0, 0.12, 8], [5, 1.5, 0.11, 9], [5, 2.0, 0.11, 9], [6, 1.0, 0.12, 8], [6, 1.5, 0.09999999999999999, 10], [6, 2.0, 0.09, 11], [7, 1.0, 0.09999999999999999, 10], [7, 1.5, 0.07999999999999999, 13], [7, 2.0, 0.07999999999999999, 13], [8, 1.0, 0.07999999999999999, 13], [8, 1.5, 0.06999999999999999, 14], [8, 2.0, 0.07999999999999999, 13], [9, 1.0, 0.07999999999999999, 13], [9, 1.5, 0.07999999999999999, 13], [9, 2.0, 0.06, 17], [10, 1.0, 0.06999999999999999, 14], [10, 1.5, 0.06, 17], [10, 2.0, 0.06, 17], [11, 1.0, 0.06999999999999999, 14], [11, 1.5, 0.06, 17], [11, 2.0, 0.04999999999999999, 20], [12, 1.0, 0.06, 17], [12, 1.5, 0.06, 17], [12, 2.0, 0.04999999999999999, 20], [13, 1.0, 0.04999999999999999, 20], [13, 1.5, 0.06, 17], [13, 2.0, 0.04999999999999999, 20], [14, 1.0, 0.04999999999999999, 20], [14, 1.5, 0.04999999999999999, 20], [14, 2.0, 0.039999999999999994, 25], [15, 1.0, 0.04999999999999999, 20], [15, 1.5, 0.04999999999999999, 20], [15, 2.0, 0.039999999999999994, 25], [16, 1.0, 0.04999999999999999, 20], [16, 1.5, 0.039999999999999994, 25], [16, 2.0, 0.039999999999999994, 25], [17, 1.0, 0.039999999999999994, 25], [17, 1.5, 0.039999999999999994, 25], [17, 2.0, 0.039999999999999994, 25]]}