{"parameters": {"w": 13, "ki": 0.08, "kf": 0.18, "ka": 11, "l": 1.5, "o": 30, "m": 800, "f": null}, "start_time": "Wed Dec 22 10:29:06 2021", "current_time": "Wed Dec 22 11:19:21 2021", "run_time_in_seconds": 3015, "measurements": 800, "moves_per_measurement": 2, "kappa_latest": 0.15999999999999998, "mean_latest": 0.00022131878803557174, "err_latest": 3.0, "correlation_time_latest": 3015.0, "full_results": [[0.08, 0.006944546687384813, 0.00019544758916692677, 5.0, 4101.0], [0.09, 0.009008859113178865, 0.00042088084987840555, 5.0, 4099.0], [0.1, 0.011738819724931179, 0.0005548403078997256, 5.0, 4105.0], [0.11, 0.01656273766146446, 0.0008873121443648558, 7.0, 5314.0], [0.12, 0.030656618229148096, 0.0024100997569021614, 21.0, 10026.0], [0.13, 0.4256394510251815, 0.0018233143622163796, 31.0, 10014.0], [0.13999999999999999, 0.6228676949618496, 0.00031069936874535673, 6.0, 4257.0], [0.15, 0.7292859711709672, 0.0003508771702877865, 4.0, 3019.0], [0.15999999999999998, 0.8008065907722571, 0.00022131878803557174, 3.0, 3015.0], [1.1347226268337426e+275, 7.352807569885602e+223, 1.4886137271633946e+195, 1.719593399075517e+270, 2.7318508430406363e+204], [1.9684136233883652e-153, 9.79432775299978e+199, 1.6758346790721147e+243, 9.692910798176413e-72, 2.5811712349499334e-306]]}