{"parameters": {"w": 13, "ki": 0.08, "kf": 0.18, "ka": 11, "l": 1.0, "o": 30, "m": 800, "f": null}, "start_time": "Wed Dec 22 10:54:34 2021", "current_time": "Wed Dec 22 11:22:46 2021", "run_time_in_seconds": 1692, "measurements": 259, "moves_per_measurement": 3, "kappa_latest": 0.15, "mean_latest": 0.0013044315136184201, "err_latest": 6.0, "correlation_time_latest": 1692.0, "full_results": [[0.08, 0.0060347550208018795, 0.0001329545289277281, 4.0, 2794.0], [0.09, 0.006973720987561566, 0.00017982375304567962, 5.0, 3965.0], [0.1, 0.008589376579150753, 0.0003284274269653088, 5.0, 3962.0], [0.11, 0.011481059760372614, 0.0003776819418026981, 10.0, 6307.0], [0.12, 0.016997336142183867, 0.0006881798308156279, 13.0, 8618.0], [0.13, 0.03583878162209965, 0.001687885017912178, 42.0, 10005.0], [0.13999999999999999, 0.42832631750128697, 0.001887367316827512, 11.0, 7651.0], [0.15, 0.6306359408557594, 0.0013044315136184201, 6.0, 1692.0], [8.389165244969441e+217, 5.038724253934038e+175, 1.8032413047627083e-259, 6.980269115808149e+199, 4.676612683957409e+252], [1.1347226268337426e+275, 7.352807569885602e+223, 1.4886137271633946e+195, 1.719593399075517e+270, 2.7318508430406363e+204], [1.9684136233883652e-153, 9.79432775299978e+199, 1.6758346790721147e+243, 9.692910798176413e-72, NaN]]}