{"parameters": {"w": 13, "ki": 0.08, "kf": 0.18, "ka": 11, "l": 2.0, "o": 30, "m": 800, "f": null}, "start_time": "Wed Dec 22 10:54:06 2021", "current_time": "Wed Dec 22 11:23:11 2021", "run_time_in_seconds": 1744, "measurements": 347, "moves_per_measurement": 2, "kappa_latest": 0.15, "mean_latest": 0.00040186498453377903, "err_latest": 4.0, "correlation_time_latest": 1744.0, "full_results": [[0.08, 0.008181536034637636, 0.0003245549433151475, 4.0, 3184.0], [0.09, 0.010909183939000266, 0.0005511860856384007, 6.0, 4497.0], [0.1, 0.015828569028635258, 0.0009713244478907137, 8.0, 5826.0], [0.11, 0.030207403608198048, 0.0015576833660378084, 17.0, 10013.0], [0.12, 0.3898110518979927, 0.003222512992852103, 52.0, 10043.0], [0.13, 0.6135937556818871, 0.0009614647095420892, 7.0, 5980.0], [0.13999999999999999, 0.7235750940592557, 0.0005242117176451718, 4.0, 3263.0], [0.15, 0.7937294937605238, 0.00040186498453377903, 4.0, 1744.0], [8.389165244969441e+217, 5.038724253934038e+175, 1.8032413047627083e-259, 6.980269115808149e+199, 4.676612683957409e+252], [1.1347226268337426e+275, 7.352807569885602e+223, 1.4886137271633946e+195, 1.719593399075517e+270, 2.7318508430406363e+204], [1.9684136233883652e-153, 9.79432775299978e+199, 1.6758346790721147e+243, 9.692910798176413e-72, NaN]]}