{"parameters": {"w": 15, "ki": 0.08, "kf": 0.18, "ka": 11, "l": 1.5, "o": 30, "m": 800, "f": null}, "start_time": "Wed Dec 22 10:03:57 2021", "current_time": "Wed Dec 22 11:23:10 2021", "run_time_in_seconds": 4753, "measurements": 730, "moves_per_measurement": 2, "kappa_latest": 0.08, "mean_latest": 0.000234806017374712, "err_latest": 4.0, "correlation_time_latest": 4753.0, "full_results": [[0.08, 0.005188871997348455, 0.000234806017374712, 4.0, 4753.0], [0.03186921299461265, 0.031079971338895472, 0.022099166954126157, 0.0019569660287102543, 0.012102501369726808], [0.012633097097653999, 0.000532385435874294, 0.003975496589808517, 0.007515915422523634, 0.011888921016340662], [0.010408672159397146, 0.01772263630408742, 0.010647097366886824, 0.00663972282958158, 0.00929618994255325], [0.0025128445347051952, 0.02162052706796538, 0.009054920997464643, 0.007154677264562814, 0.007871854854076182], [0.015372919043916886, 0.0179400017859961, 0.034864524798164674, 0.04992046124455445, 0.05741610384891494], [0.08240637240976123, 0.0646296745171235, 0.04970281227369666, 0.0457480562981758, 0.04217552794387152], [0.05320725258451115, 0.04609797292713445, 0.02628275252335989, 0.02775778121282273, 0.029870261554003383], [0.010130591529046573, 0.01543431201495553, 0.017553598770443334, 0.0061248205293836285, 0.0019673325190156556], [0.005612745273353244, 0.007699046431116864, 0.01447767748103031, 0.02402029465873187, 0.03398349995378582], [0.04110299230711214, 0.052045953216394276, 0.0487066500899824, 0.04345034976446433, 0.032782758546040736]]}