{"parameters": {"w": 14, "ki": 0.08, "kf": 0.18, "ka": 11, "l": 1.5, "o": 30, "m": 800, "f": null}, "start_time": "Wed Dec 22 10:24:44 2021", "current_time": "Wed Dec 22 11:23:05 2021", "run_time_in_seconds": 3500, "measurements": 273, "moves_per_measurement": 5, "kappa_latest": 0.11, "mean_latest": 0.0011642937696530486, "err_latest": 10.0, "correlation_time_latest": 3500.0, "full_results": [[0.08, 0.006377765381919797, 0.0001619554175450429, 5.0, 5673.0], [0.09, 0.0074144670300398535, 0.00034797380974433204, 4.0, 4013.0], [0.1, 0.010259746104600021, 0.00023467533536529415, 9.0, 8942.0], [0.11, 0.017019878611875126, 0.0011642937696530486, 10.0, 3500.0], [1.1930754823718736e+190, 6.97303535985392e+252, 1.1718010175898604e-47, 1.2789382491870195e+213, 1.4886137280979303e+195], [6.707233660695756e+199, 3.94357082784704e+180, 3.0096788676799356e-67, 7.100840879044574e+194, 5.03889026083011e+175], [5.930492968362227e-38, 8.397791949328026e+217, 4.61987478598164e+281, 1.4780464779063963e-259, 2.0513253176710243e+161], [3.0333183084958844e+180, 7.007454679533689e-77, 4.4057185926251966e-85, 1.1090150233399076e+200, 1.0329067460977399e-47], [8.389165244969441e+217, 5.038724253934038e+175, 1.8032413047627083e-259, 6.980269115808149e+199, 4.676612683957409e+252], [1.1347226268337426e+275, 7.352807569885602e+223, 1.4886137271633946e+195, 1.719593399075517e+270, 2.7318508430406363e+204], [1.9684136233883652e-153, 9.79432775299978e+199, 1.6758346790721147e+243, 9.692910798176413e-72, 2.8481901478696364e-305]]}