{"parameters": {"w": 6, "ki": 0.08, "kf": 0.18, "ka": 11, "l": 1.5, "o": 30, "m": 800, "f": null}, "start_time": "Mon Dec 20 21:16:04 2021", "current_time": "Mon Dec 20 21:17:55 2021", "run_time_in_seconds": 111, "measurements": 800, "moves_per_measurement": 3, "kappa_latest": 0.18, "mean_latest": 0.8955618106577262, "err_latest": 0.0011732817628843366, "correlation_time_latest": 5.0, "full_results": [[0.08, 0.5825798128858025, 0.029148265300508836, 0.0014801680900942008, 8.0, 140.0], [0.09, 0.5771134741512346, 0.031980726700426954, 0.001973737313259955, 8.0, 140.0], [0.1, 0.5700667920524691, 0.04011404212131546, 0.0015034680309905428, 24.0, 394.0], [0.11, 0.5618277391975308, 0.057620651954788646, 0.002504666575588978, 12.0, 204.0], [0.12, 0.5484605195473251, 0.12442645288209742, 0.00833719426865568, 30.0, 493.0], [0.13, 0.48867410714285714, 0.443305940425751, 0.00431918237832439, 69.0, 1127.0], [0.13999999999999999, 0.42739149305555557, 0.6345049403795896, 0.0027112094929034776, 11.0, 207.0], [0.15, 0.39030020254629627, 0.7312482839782011, 0.0017986034300449744, 8.0, 142.0], [0.15999999999999998, 0.3617108410493827, 0.8030698855385445, 0.0015563892594560834, 9.0, 175.0], [0.16999999999999998, 0.3406891396604938, 0.8540960200727076, 0.0010841200355381283, 7.0, 142.0], [0.18, 0.3242184284979424, 0.8955618106577262, 0.0011732817628843366, 5.0, 111.0]]}