{"parameters": {"w": 11, "ki": 0.08, "kf": 0.18, "ka": 11, "l": 1.0, "o": 30, "m": 800, "f": null}, "start_time": "Tue Dec 21 09:56:09 2021", "current_time": "Tue Dec 21 10:16:06 2021", "run_time_in_seconds": 1196, "measurements": 800, "moves_per_measurement": 3, "kappa_latest": 0.18, "mean_latest": 0.883344115156177, "err_latest": 0.0005218378472391289, "correlation_time_latest": 6.0, "full_results": [[0.08, 0.5942625162215696, 0.007465165090510958, 0.00027932717734887555, 5.0, 1189.0], [0.09, 0.5882340260228126, 0.009275154722413565, 0.000297961263025066, 8.0, 1534.0], [0.1, 0.5814794498326618, 0.01060800230093555, 0.00047973569183535546, 8.0, 1533.0], [0.11, 0.574157659426724, 0.011287253894946813, 0.0005065217601013902, 11.0, 2202.0], [0.12, 0.5656791667615296, 0.016716172021542273, 0.0006303166811396413, 35.0, 6432.0], [0.13, 0.5552897383254921, 0.033757431957676845, 0.002306442370831803, 34.0, 6055.0], [0.13999999999999999, 0.48366604442672034, 0.45115142983022655, 0.0011905966352502965, 61.0, 10959.0], [0.15, 0.42298900104403486, 0.6366528255187269, 0.0007532230563790547, 13.0, 2598.0], [0.15999999999999998, 0.38315722969742505, 0.7477754682764726, 0.0007068737048356841, 6.0, 1194.0], [0.16999999999999998, 0.35541580578512394, 0.8238155899716496, 0.0003890258023140258, 7.0, 1551.0], [0.18, 0.3342748673815541, 0.883344115156177, 0.0005218378472391289, 6.0, 1196.0]]}