{"parameters": {"w": 3, "ki": 0.08, "kf": 0.18, "ka": 11, "l": 2.0, "o": 30, "m": 800, "f": null}, "start_time": "Mon Dec 20 20:19:26 2021", "current_time": "Mon Dec 20 20:19:33 2021", "run_time_in_seconds": 7, "measurements": 800, "moves_per_measurement": 3, "kappa_latest": 0.18, "mean_latest": 0.9177822903226958, "err_latest": 0.0015650443406825115, "correlation_time_latest": 6.0, "full_results": [[0.08, 0.5387786596119929, 0.1348548426783747, 0.005362880600702866, 13.0, 15.0], [0.09, 0.5319318181818182, 0.16266238610986822, 0.007574678713158665, 22.0, 23.0], [0.1, 0.5232828282828282, 0.2064634174690633, 0.008107625873358325, 22.0, 23.0], [0.11, 0.5090622032288699, 0.26994329509966974, 0.007247315210115405, 51.0, 54.0], [0.12, 0.48260668276972624, 0.408166561770254, 0.013474069877289226, 45.0, 48.0], [0.13, 0.43813932980599646, 0.6028910380853141, 0.01880512842807724, 13.0, 15.0], [0.13999999999999999, 0.39916666666666667, 0.719156803391698, 0.01435066859283028, 12.0, 13.0], [0.15, 0.3740925925925926, 0.793740141244779, 0.004308749597473092, 9.0, 11.0], [0.15999999999999998, 0.35471296296296295, 0.8421699038145162, 0.006616519940525169, 9.0, 11.0], [0.16999999999999998, 0.33921604938271605, 0.8794252377078685, 0.0049737381972896, 9.0, 11.0], [0.18, 0.3247633744855967, 0.9177822903226958, 0.0015650443406825115, 6.0, 7.0]]}