{"parameters": {"w": 4, "ki": 0.08, "kf": 0.18, "ka": 11, "l": 1.0, "o": 30, "m": 800, "f": null}, "start_time": "Mon Dec 20 20:25:37 2021", "current_time": "Mon Dec 20 20:25:59 2021", "run_time_in_seconds": 21, "measurements": 800, "moves_per_measurement": 3, "kappa_latest": 0.18, "mean_latest": 0.8878312740036479, "err_latest": 0.00433996159699157, "correlation_time_latest": 5.0, "full_results": [[0.08, 0.6321419270833334, 0.05875912134685478, 0.002633186426678586, 6.0, 21.0], [0.09, 0.6264453125, 0.06697792184593819, 0.0022478123403059298, 6.0, 21.0], [0.1, 0.6197503662109375, 0.07394388865697582, 0.002651140556265726, 16.0, 52.0], [0.11, 0.610662841796875, 0.08985773879390971, 0.005804828801145706, 7.0, 27.0], [0.12, 0.6013409423828125, 0.12384873773218152, 0.004389124788264912, 16.0, 53.0], [0.13, 0.5840460205078125, 0.18252397304631068, 0.010023001772530777, 31.0, 106.0], [0.13999999999999999, 0.5258443019701087, 0.43238976193557627, 0.01060470274488747, 45.0, 148.0], [0.15, 0.46171643708881577, 0.6353965864916402, 0.004047796252567921, 37.0, 123.0], [0.15999999999999998, 0.4220724051339286, 0.7478312572900718, 0.0019513613735741835, 27.0, 92.0], [0.16999999999999998, 0.39324055989583334, 0.8211189613363101, 0.002862681986621861, 6.0, 21.0], [0.18, 0.371142578125, 0.8878312740036479, 0.00433996159699157, 5.0, 21.0]]}