{"parameters": {"w": 12, "ki": 0.08, "kf": 0.18, "ka": 11, "l": 1.0, "o": 30, "m": 800, "f": null}, "start_time": "Tue Dec 21 10:39:28 2021", "current_time": "Tue Dec 21 12:29:47 2021", "run_time_in_seconds": 6619, "measurements": 312, "moves_per_measurement": 31, "kappa_latest": 0.13999999999999999, "mean_latest": 0.45041129223872556, "err_latest": 0.0017586496887648294, "correlation_time_latest": 62.0, "full_results": [[0.08, 0.5943307412229938, 0.006687923387894125, 0.00027337869992915897, 10.0, 2830.0], [0.09, 0.5883244719328704, 0.007777585440132439, 0.00041380430720943745, 4.0, 1257.0], [0.1, 0.5815262405960648, 0.008392685128343274, 0.000449602935365624, 7.0, 2281.0], [0.11, 0.574337287808642, 0.010093165620485692, 0.0005108973645112602, 9.0, 2839.0], [0.12, 0.5658299726321373, 0.013759490651847306, 0.0003928008186319491, 23.0, 6561.0], [0.13, 0.5553537347918045, 0.028705404735902496, 0.0018648178900687003, 56.0, 14998.0], [0.13999999999999999, 0.4838124412042143, 0.45041129223872556, 0.0017586496887648294, 62.0, 6619.0], [0.15, 0.624, 0.6370951353484477, 0.0005373862024719686, 10.0, 132.0], [0.15999999999999998, 0.564375, 0.7468309232260013, 0.0006318420532193007, 4.0, 59.0], [0.16999999999999998, 0.5485, 0.8239782154975914, 0.0001979866454593594, 9.0, 130.0], [0.18, 0.513125, 0.8833603766028963, 0.00029375541884908127, 4.0, 58.0]]}