{"parameters": {"w": 3, "ki": 0.08, "kf": 0.18, "ka": 11, "l": 1.0, "o": 30, "m": 800, "f": null}, "start_time": "Mon Dec 20 20:17:16 2021", "current_time": "Mon Dec 20 20:17:26 2021", "run_time_in_seconds": 9, "measurements": 800, "moves_per_measurement": 4, "kappa_latest": 0.18, "mean_latest": 0.8801319090457174, "err_latest": 0.0043770548990533995, "correlation_time_latest": 8.0, "full_results": [[0.08, 0.5919791666666666, 0.10648003787265703, 0.0037606277282674692, 8.0, 8.0], [0.09, 0.5848688271604938, 0.11741490774411316, 0.005292016215517489, 7.0, 9.0], [0.1, 0.5781610082304527, 0.13023753586667972, 0.004833954841670784, 11.0, 13.0], [0.11, 0.5636752136752137, 0.17163089278536114, 0.0035176493335075457, 26.0, 28.0], [0.12, 0.5520181755829904, 0.20239274841376043, 0.005250003856866833, 35.0, 38.0], [0.13, 0.526686507936508, 0.28829958819948953, 0.00916102351531373, 14.0, 16.0], [0.13999999999999999, 0.4873533950617284, 0.41435431847397763, 0.01111966397505726, 63.0, 66.0], [0.15, 0.42813832772166105, 0.6185420237848673, 0.010767426852761296, 22.0, 23.0], [0.15999999999999998, 0.39120756172839505, 0.7188201227633, 0.00748608202331091, 7.0, 9.0], [0.16999999999999998, 0.3553626543209877, 0.8244657491550461, 0.008032960063259821, 7.0, 9.0], [0.18, 0.3369945987654321, 0.8801319090457174, 0.0043770548990533995, 8.0, 9.0]]}