{"parameters": {"w": 8, "ki": 0.08, "kf": 0.18, "ka": 11, "l": 1.5, "o": 30, "m": 800, "f": null}, "start_time": "Mon Dec 20 23:53:12 2021", "current_time": "Mon Dec 20 23:59:14 2021", "run_time_in_seconds": 361, "measurements": 800, "moves_per_measurement": 3, "kappa_latest": 0.18, "mean_latest": 0.8943502236870188, "err_latest": 0.0005318743231224442, "correlation_time_latest": 6.0, "full_results": [[0.08, 0.5824083709716796, 0.017785652343764065, 0.0007174281713250122, 8.0, 455.0], [0.09, 0.5765764770507813, 0.019119730950659657, 0.0008812191420542285, 9.0, 559.0], [0.1, 0.5698418935139974, 0.02413265195215765, 0.0005619462072385819, 24.0, 1278.0], [0.11, 0.5620725250244141, 0.03178293092443784, 0.0012513100343992515, 16.0, 864.0], [0.12, 0.5520068664550781, 0.06376665806307762, 0.005722309048817557, 19.0, 1075.0], [0.13, 0.48898409843444823, 0.44387777672020723, 0.0017956117977121593, 63.0, 3370.0], [0.13999999999999999, 0.4295696258544922, 0.6276567010879125, 0.0006705596164040727, 24.0, 1289.0], [0.15, 0.39029305594308034, 0.7311325691762611, 0.0006090791886783612, 13.0, 772.0], [0.15999999999999998, 0.3618565368652344, 0.8020297005380828, 0.001002190937404707, 8.0, 464.0], [0.16999999999999998, 0.3406273651123047, 0.854168790492106, 0.0004901230737920458, 8.0, 468.0], [0.18, 0.32472574869791665, 0.8943502236870188, 0.0005318743231224442, 6.0, 361.0]]}