{"parameters": {"w": 5, "ki": 0.08, "kf": 0.18, "ka": 11, "l": 2.0, "o": 30, "m": 800, "f": null}, "start_time": "Mon Dec 20 20:46:21 2021", "current_time": "Mon Dec 20 20:47:31 2021", "run_time_in_seconds": 70, "measurements": 800, "moves_per_measurement": 4, "kappa_latest": 0.18, "mean_latest": 0.9114349582994177, "err_latest": 0.0011170994685488864, "correlation_time_latest": 7.0, "full_results": [[0.08, 0.5404478, 0.048921520524869484, 0.002445014850966272, 20.0, 161.0], [0.09, 0.5359273846153846, 0.05610299274615891, 0.002097358504079549, 25.0, 208.0], [0.1, 0.5303696, 0.08177560411776533, 0.004213032788147749, 40.0, 316.0], [0.11, 0.5211804285714285, 0.13786753391149525, 0.009496766094870565, 28.0, 222.0], [0.12, 0.4868374, 0.3875692816084761, 0.017104306788497076, 39.0, 315.0], [0.13, 0.4352892, 0.6199635235912372, 0.004072376197733867, 20.0, 164.0], [0.13999999999999999, 0.40148466666666666, 0.7235543382556245, 0.0032824098039813845, 17.0, 148.0], [0.15, 0.3746205, 0.7938458635126366, 0.001972781611508205, 7.0, 69.0], [0.15999999999999998, 0.3548535, 0.8427813353466588, 0.002203805082155112, 7.0, 68.0], [0.16999999999999998, 0.3385502857142857, 0.8824999792953369, 0.0009520326397220277, 14.0, 116.0], [0.18, 0.3259675, 0.9114349582994177, 0.0011170994685488864, 7.0, 70.0]]}