{"parameters": {"w": 7, "ki": 0.08, "kf": 0.18, "ka": 11, "l": 2.0, "o": 30, "m": 800, "f": null}, "start_time": "Mon Dec 20 22:19:15 2021", "current_time": "Mon Dec 20 22:22:43 2021", "run_time_in_seconds": 207, "measurements": 800, "moves_per_measurement": 3, "kappa_latest": 0.18, "mean_latest": 0.9127440083672719, "err_latest": 0.0005727832636425637, "correlation_time_latest": 5.0, "full_results": [[0.08, 0.5401862505206164, 0.023329535426166004, 0.0008652631323036352, 16.0, 499.0], [0.09, 0.5361302061640983, 0.030989900434730665, 0.0014855055744744199, 19.0, 620.0], [0.1, 0.5307699172963646, 0.04080893942390715, 0.0015102319017980918, 28.0, 853.0], [0.11, 0.5236148566569485, 0.06544933937879918, 0.0071561171921505585, 23.0, 736.0], [0.12, 0.4840141384542155, 0.41723388138348527, 0.0052372402366690956, 56.0, 1684.0], [0.13, 0.43523369892174557, 0.6202204943174643, 0.001818426848732013, 18.0, 560.0], [0.13999999999999999, 0.4010828821324448, 0.7218301443266006, 0.001328625159482329, 7.0, 267.0], [0.15, 0.3726848188254894, 0.7975515091317209, 0.0008855050506108949, 10.0, 325.0], [0.15999999999999998, 0.3548299319727891, 0.8420433097613126, 0.0008094227167709367, 5.0, 206.0], [0.16999999999999998, 0.3378552686380675, 0.8825761435458979, 0.0007331080554310168, 9.0, 325.0], [0.18, 0.325261175898931, 0.9127440083672719, 0.0005727832636425637, 5.0, 207.0]]}