{"parameters": {"w": 12, "ki": 0.08, "kf": 0.18, "ka": 11, "l": 1.5, "o": 30, "m": 800, "f": null}, "start_time": "Tue Dec 21 11:12:15 2021", "current_time": "Tue Dec 21 12:30:23 2021", "run_time_in_seconds": 4687, "measurements": 204, "moves_per_measurement": 34, "kappa_latest": 0.13, "mean_latest": 0.4431233230843681, "err_latest": 0.0020392896112375962, "correlation_time_latest": 67.0, "full_results": [[0.08, 0.5825809702932099, 0.007146422432730293, 0.00019471916179817465, 10.0, 2795.0], [0.09, 0.5766368617035935, 0.008869317358061887, 0.0003193051114193794, 13.0, 3817.0], [0.1, 0.569957332658179, 0.010306622931213727, 0.000521134987591092, 10.0, 2786.0], [0.11, 0.5621112839184671, 0.016005287090039084, 0.0012545831141173587, 12.0, 3368.0], [0.12, 0.5521629789862107, 0.027022362843523128, 0.0018588686269647966, 61.0, 16100.0], [0.13, 0.488860537747234, 0.4431233230843681, 0.0020392896112375962, 67.0, 4687.0], [0.13999999999999999, 0.4775, 0.6294480553069883, 0.001034368492250049, 12.0, 163.0], [0.15, 0.46, 0.7319367754303643, 0.00031692540899905345, 19.0, 265.0], [0.15999999999999998, 0.44125, 0.8020781920941136, 0.0004108239618080198, 6.0, 86.0], [0.16999999999999998, 0.4354166666666667, 0.853486624577372, 0.0004550547793031481, 5.0, 87.0], [0.18, 0.44, 0.8942016061794952, 0.0003503411481896004, 2.0, 36.0]]}