{"parameters": {"w": 10, "ki": 0.08, "kf": 0.18, "ka": 11, "l": 1.5, "o": 30, "m": 800, "f": null}, "start_time": "Tue Dec 21 05:19:14 2021", "current_time": "Tue Dec 21 05:33:42 2021", "run_time_in_seconds": 868, "measurements": 800, "moves_per_measurement": 3, "kappa_latest": 0.18, "mean_latest": 0.895141343084819, "err_latest": 0.0004389701263634203, "correlation_time_latest": 6.0, "full_results": [[0.08, 0.552499875, 0.01065612545418306, 0.0003005479456060751, 5.0, 859.0], [0.09, 0.546159475, 0.012357565078148443, 0.0004072495309656607, 10.0, 1355.0], [0.1, 0.5389858958333333, 0.016580637656523227, 0.0007146824469454774, 12.0, 1610.0], [0.11, 0.5307579125, 0.019470549981952336, 0.0009259293320879491, 19.0, 2627.0], [0.12, 0.5201381691176471, 0.03854858821468711, 0.002931071835988191, 33.0, 4382.0], [0.13, 0.4541299393939394, 0.44525580167315937, 0.0010256232712016306, 65.0, 8388.0], [0.13999999999999999, 0.393562625, 0.6301298774033762, 0.0008922362836121291, 10.0, 1371.0], [0.15, 0.3543939375, 0.7322603490359283, 0.0009275318235715697, 8.0, 1116.0], [0.15999999999999998, 0.32689725, 0.8019488978304583, 0.0004858671308033791, 8.0, 1119.0], [0.16999999999999998, 0.30614833333333336, 0.8546114074219269, 0.0005328988726930201, 5.0, 866.0], [0.18, 0.2906440416666667, 0.895141343084819, 0.0004389701263634203, 6.0, 868.0]]}