{"parameters": {"w": 6, "ki": 0.08, "kf": 0.18, "ka": 11, "l": 2.0, "o": 30, "m": 800, "f": null}, "start_time": "Mon Dec 20 21:41:27 2021", "current_time": "Mon Dec 20 21:43:52 2021", "run_time_in_seconds": 144, "measurements": 800, "moves_per_measurement": 4, "kappa_latest": 0.18, "mean_latest": 0.9130088311002915, "err_latest": 0.0006556496917584451, "correlation_time_latest": 7.0, "full_results": [[0.08, 0.5401916152263374, 0.0338717627516696, 0.001601153009592301, 41.0, 680.0], [0.09, 0.5359884810405644, 0.04250157444848943, 0.00175505117137963, 28.0, 462.0], [0.1, 0.5306520061728395, 0.056495513640960573, 0.0030808922028048025, 23.0, 398.0], [0.11, 0.5225392734857253, 0.10282447596990743, 0.0070635179180662646, 64.0, 1039.0], [0.12, 0.48540316358024693, 0.40765084230079063, 0.006417535585553078, 50.0, 813.0], [0.13, 0.4354748585390946, 0.6199190940060768, 0.003008893035427552, 23.0, 400.0], [0.13999999999999999, 0.4000322420634921, 0.7259512477445024, 0.001842704013323603, 13.0, 240.0], [0.15, 0.3736101466049383, 0.7948737397740011, 0.0013601705665571711, 10.0, 175.0], [0.15999999999999998, 0.3541574349647266, 0.8427192983316101, 0.0011047053372860713, 13.0, 241.0], [0.16999999999999998, 0.33759227109053497, 0.8823158844612387, 0.0010069014199065383, 5.0, 111.0], [0.18, 0.3252295524691358, 0.9130088311002915, 0.0006556496917584451, 7.0, 144.0]]}