{"parameters": {"w": 5, "ki": 0.08, "kf": 0.18, "ka": 11, "l": 1.0, "o": 30, "m": 800, "f": null}, "start_time": "Mon Dec 20 20:33:58 2021", "current_time": "Mon Dec 20 20:34:51 2021", "run_time_in_seconds": 52, "measurements": 800, "moves_per_measurement": 3, "kappa_latest": 0.18, "mean_latest": 0.8857888472313853, "err_latest": 0.0013509738504188672, "correlation_time_latest": 6.0, "full_results": [[0.08, 0.5933575, 0.03831243015395351, 0.0012151365836772217, 7.0, 66.0], [0.09, 0.587852, 0.045132024506863704, 0.0012995223530079655, 8.0, 67.0], [0.1, 0.582792, 0.047307485406572244, 0.0016868266346929492, 6.0, 51.0], [0.11, 0.5743555, 0.05789783437396151, 0.0035590741897329023, 8.0, 67.0], [0.12, 0.5646036666666666, 0.08241566068611207, 0.0033661321726384205, 23.0, 186.0], [0.13, 0.5499524, 0.13946958682302796, 0.0043230356754836805, 39.0, 308.0], [0.13999999999999999, 0.4892168333333333, 0.42568100485630733, 0.010234097943519338, 23.0, 187.0], [0.15, 0.42221285714285717, 0.6382879785585673, 0.003575836524984982, 14.0, 111.0], [0.15999999999999998, 0.383523, 0.7450268969163792, 0.002054785425335784, 8.0, 67.0], [0.16999999999999998, 0.3551255, 0.8249453765356438, 0.0012124073953692922, 7.0, 67.0], [0.18, 0.33293866666666666, 0.8857888472313853, 0.0013509738504188672, 6.0, 52.0]]}