{"parameters": {"w": 9, "ki": 0.08, "kf": 0.18, "ka": 11, "l": 1.5, "o": 30, "m": 800, "f": null}, "start_time": "Tue Dec 21 02:21:23 2021", "current_time": "Tue Dec 21 02:27:53 2021", "run_time_in_seconds": 390, "measurements": 800, "moves_per_measurement": 2, "kappa_latest": 0.18, "mean_latest": 0.8950606533355836, "err_latest": 0.0006190156047158252, "correlation_time_latest": 4.0, "full_results": [[0.08, 0.5825129934461211, 0.013708792394903566, 0.000526722379908697, 10.0, 859.0], [0.09, 0.5766503295991464, 0.014452559602381409, 0.0005608285720541635, 16.0, 1340.0], [0.1, 0.5698734132427548, 0.017581830856863274, 0.0009443798249464986, 13.0, 1184.0], [0.11, 0.5621632971890174, 0.023502902439743047, 0.0007852165119562165, 14.0, 1187.0], [0.12, 0.5519496872653785, 0.046688829547896445, 0.003817989053206409, 54.0, 4397.0], [0.13, 0.48825829577372787, 0.44620822811558974, 0.0020787444974760187, 69.0, 5686.0], [0.13999999999999999, 0.4288244614642077, 0.6304134255876073, 0.0015133574397241006, 11.0, 1027.0], [0.15, 0.39024602448813694, 0.7304364085274136, 0.000994351589091106, 5.0, 544.0], [0.15999999999999998, 0.3616206243966875, 0.8024556652814956, 0.0005481637417354154, 6.0, 546.0], [0.16999999999999998, 0.3408532108926485, 0.8535342536659138, 0.000468444561439761, 6.0, 547.0], [0.18, 0.3244742607834172, 0.8950606533355836, 0.0006190156047158252, 4.0, 390.0]]}