{"parameters": {"w": 10, "ki": 0.08, "kf": 0.18, "ka": 11, "l": 1.0, "o": 30, "m": 800, "f": null}, "start_time": "Tue Dec 21 06:23:07 2021", "current_time": "Tue Dec 21 06:37:17 2021", "run_time_in_seconds": 850, "measurements": 800, "moves_per_measurement": 3, "kappa_latest": 0.18, "mean_latest": 0.8833745523024401, "err_latest": 0.0004998480185870253, "correlation_time_latest": 6.0, "full_results": [[0.08, 0.55581705, 0.00952893027137698, 0.0004150973006022754, 9.0, 1335.0], [0.09, 0.54985740625, 0.010917403228605837, 0.0003855522405163009, 8.0, 1094.0], [0.1, 0.543251375, 0.013522812778286578, 0.0006344222862378835, 7.0, 1092.0], [0.11, 0.5361787708333333, 0.013453816926907058, 0.00043530153419686917, 11.0, 1591.0], [0.12, 0.5281199479166667, 0.018817341129943432, 0.0006451365074078558, 23.0, 3098.0], [0.13, 0.5175468178571428, 0.04195082268228226, 0.003665959645314561, 70.0, 8792.0], [0.13999999999999999, 0.44745510661764704, 0.45174317015150206, 0.0009016381173368006, 67.0, 8459.0], [0.15, 0.38830945, 0.6369323140411913, 0.0009301461659851564, 10.0, 1351.0], [0.15999999999999998, 0.34956729166666667, 0.7477902162220447, 0.0009225933376809514, 6.0, 846.0], [0.16999999999999998, 0.32278379166666665, 0.8249252816552856, 0.0003393453953235926, 6.0, 850.0], [0.18, 0.3027750416666667, 0.8833745523024401, 0.0004998480185870253, 6.0, 850.0]]}