{"parameters": {"w": 8, "ki": 0.08, "kf": 0.18, "ka": 11, "l": 2.0, "o": 30, "m": 800, "f": null}, "start_time": "Tue Dec 21 00:24:49 2021", "current_time": "Tue Dec 21 00:32:20 2021", "run_time_in_seconds": 450, "measurements": 800, "moves_per_measurement": 4, "kappa_latest": 0.18, "mean_latest": 0.9121991774605143, "err_latest": 0.0003858532994235244, "correlation_time_latest": 7.0, "full_results": [[0.08, 0.5407137189592633, 0.017949805235420987, 0.0008995726058611532, 13.0, 746.0], [0.09, 0.5362509987571022, 0.02147206202255892, 0.0007732363106622437, 22.0, 1148.0], [0.1, 0.5309382934570313, 0.029881261013546257, 0.0015429304794319562, 29.0, 1544.0], [0.11, 0.5236400571076766, 0.06014103833956861, 0.00483947579462921, 45.0, 2340.0], [0.12, 0.4840430736541748, 0.4188846499004962, 0.00332415414115071, 64.0, 3259.0], [0.13, 0.4357418518066406, 0.6189400385357127, 0.0016119433279956662, 19.0, 1051.0], [0.13999999999999999, 0.3997040303548177, 0.7267010373410381, 0.0011001849721132665, 12.0, 652.0], [0.15, 0.37403729248046874, 0.7945120468749821, 0.0006628690442599528, 10.0, 553.0], [0.15999999999999998, 0.35381011962890624, 0.8446231118296854, 0.0007793132154929313, 6.0, 350.0], [0.16999999999999998, 0.3382323710123698, 0.8819527536994473, 0.0004359008343634917, 12.0, 655.0], [0.18, 0.3255683135986328, 0.9121991774605143, 0.0003858532994235244, 7.0, 450.0]]}