{"parameters": {"w": 4, "ki": 0.08, "kf": 0.18, "ka": 11, "l": 1.5, "o": 30, "m": 800, "f": null}, "start_time": "Mon Dec 20 20:25:15 2021", "current_time": "Mon Dec 20 20:25:44 2021", "run_time_in_seconds": 29, "measurements": 800, "moves_per_measurement": 4, "kappa_latest": 0.18, "mean_latest": 0.8977162096346557, "err_latest": 0.001785369983269474, "correlation_time_latest": 8.0, "full_results": [[0.08, 0.6124638671875, 0.06512543140694525, 0.0017099955767954083, 9.0, 33.0], [0.09, 0.6074007161458334, 0.07864946611637948, 0.0024192433844908586, 12.0, 40.0], [0.1, 0.6004546440972223, 0.10098288207359116, 0.003997470758784149, 18.0, 60.0], [0.11, 0.5930997721354166, 0.11697629839138382, 0.008914637455272394, 12.0, 40.0], [0.12, 0.5745933948863636, 0.20572845230904857, 0.019212964617758264, 22.0, 71.0], [0.13, 0.5340890625, 0.4026712786616199, 0.01152180105293321, 50.0, 161.0], [0.13999999999999999, 0.47472249348958334, 0.6127395918756059, 0.006523234458996456, 12.0, 40.0], [0.15, 0.4324560546875, 0.7325986641442054, 0.0029758639812956307, 17.0, 60.0], [0.15999999999999998, 0.40604248046875, 0.7999018455810184, 0.002396748489940151, 11.0, 41.0], [0.16999999999999998, 0.384189453125, 0.8531601230992683, 0.0014641914314192546, 14.0, 47.0], [0.18, 0.366949462890625, 0.8977162096346557, 0.001785369983269474, 8.0, 29.0]]}