{"parameters": {"w": 7, "ki": 0.08, "kf": 0.18, "ka": 11, "l": 1.0, "o": 30, "m": 800, "f": null}, "start_time": "Mon Dec 20 22:02:46 2021", "current_time": "Mon Dec 20 22:08:16 2021", "run_time_in_seconds": 329, "measurements": 800, "moves_per_measurement": 5, "kappa_latest": 0.18, "mean_latest": 0.8842510835707824, "err_latest": 0.0007506753244794131, "correlation_time_latest": 10.0, "full_results": [[0.08, 0.594053128904623, 0.019792508301359594, 0.0005169089115587763, 7.0, 262.0], [0.09, 0.5881661286963765, 0.02297392918469804, 0.0010340369403732334, 7.0, 264.0], [0.1, 0.5813949916701374, 0.023948313805633465, 0.0009207551018940954, 8.0, 262.0], [0.11, 0.5740059480424823, 0.03087106017702761, 0.001060594024719473, 15.0, 500.0], [0.12, 0.5660074578300708, 0.04102128196010342, 0.0014028459308783783, 15.0, 499.0], [0.13, 0.5535225154201623, 0.08552164745715365, 0.005011749330125588, 41.0, 1283.0], [0.13999999999999999, 0.48216055810079134, 0.4563656699398721, 0.004602684500946959, 32.0, 979.0], [0.15, 0.4228596071081494, 0.6373227445833668, 0.0011876902895938436, 29.0, 924.0], [0.15999999999999998, 0.38273792169929194, 0.7483406718428293, 0.0008464798077396405, 11.0, 386.0], [0.16999999999999998, 0.355377967513536, 0.8238982494905285, 0.0007642627214577203, 7.0, 266.0], [0.18, 0.33408517284464806, 0.8842510835707824, 0.0007506753244794131, 10.0, 329.0]]}