{"parameters": {"w": 9, "ki": 0.08, "kf": 0.18, "ka": 11, "l": 2.0, "o": 30, "m": 800, "f": null}, "start_time": "Tue Dec 21 02:38:32 2021", "current_time": "Tue Dec 21 02:47:40 2021", "run_time_in_seconds": 548, "measurements": 800, "moves_per_measurement": 3, "kappa_latest": 0.18, "mean_latest": 0.9130541924479584, "err_latest": 0.0003431872794440768, "correlation_time_latest": 6.0, "full_results": [[0.08, 0.5407120437052279, 0.01396502812598151, 0.0005902507720422352, 15.0, 1334.0], [0.09, 0.5361678513530366, 0.01844723917100628, 0.0006460284238229434, 21.0, 1825.0], [0.1, 0.5310195004279367, 0.022620419377903135, 0.000883463671814216, 25.0, 2115.0], [0.11, 0.5241475789704313, 0.03673894605279705, 0.001871899118512073, 31.0, 2620.0], [0.12, 0.48512214800235914, 0.4103051280583916, 0.004684312080643504, 45.0, 3824.0], [0.13, 0.43504381953970434, 0.6212872613506526, 0.0011953515322700521, 13.0, 1183.0], [0.13999999999999999, 0.40023014784331656, 0.7257683024718896, 0.0007192277103907719, 12.0, 1026.0], [0.15, 0.37378339538833366, 0.7947700124045155, 0.0006624308556029104, 13.0, 1189.0], [0.15999999999999998, 0.35377499618960523, 0.844925162486129, 0.0004969225575409224, 10.0, 866.0], [0.16999999999999998, 0.33798652390387646, 0.8820875027813887, 0.00033072556348056166, 6.0, 549.0], [0.18, 0.3253399507188945, 0.9130541924479584, 0.0003431872794440768, 6.0, 548.0]]}