{"parameters": {"w": 6, "ki": 0.08, "kf": 0.18, "ka": 11, "l": 1.0, "o": 30, "m": 800, "f": null}, "start_time": "Mon Dec 20 21:03:26 2021", "current_time": "Mon Dec 20 21:04:44 2021", "run_time_in_seconds": 78, "measurements": 800, "moves_per_measurement": 2, "kappa_latest": 0.18, "mean_latest": 0.88160133919634, "err_latest": 0.002196838762051312, "correlation_time_latest": 4.0, "full_results": [[0.08, 0.5941078317901235, 0.027261826754485113, 0.0011717791215650885, 4.0, 76.0], [0.09, 0.5879481738683128, 0.029978911651130157, 0.001136817295456227, 6.0, 111.0], [0.1, 0.5816068672839506, 0.033007274245961955, 0.0009285374355124098, 12.0, 205.0], [0.11, 0.5737099729938272, 0.03857659906582893, 0.002321191961680498, 8.0, 140.0], [0.12, 0.565496307319224, 0.054484016710030184, 0.0027036256029203333, 28.0, 461.0], [0.13, 0.5518316775977367, 0.11264543023614108, 0.0037625395194750603, 48.0, 775.0], [0.13999999999999999, 0.48533136145404665, 0.4437514699466102, 0.005377279108468472, 17.0, 303.0], [0.15, 0.4237715406378601, 0.6340874471867616, 0.002896205085494434, 12.0, 206.0], [0.15999999999999998, 0.3831354166666667, 0.7464537235060428, 0.0018067949506945758, 9.0, 175.0], [0.16999999999999998, 0.35533082561728396, 0.8237910153626709, 0.0022023793473216016, 6.0, 112.0], [0.18, 0.3351962770061728, 0.88160133919634, 0.002196838762051312, 4.0, 78.0]]}