{"parameters": {"w": 7, "ki": 0.08, "kf": 0.18, "ka": 11, "l": 1.5, "o": 30, "m": 800, "f": null}, "start_time": "Mon Dec 20 22:13:42 2021", "current_time": "Mon Dec 20 22:17:14 2021", "run_time_in_seconds": 212, "measurements": 800, "moves_per_measurement": 3, "kappa_latest": 0.18, "mean_latest": 0.894226686084642, "err_latest": 0.0009970245992535693, "correlation_time_latest": 5.0, "full_results": [[0.08, 0.5822962158624383, 0.021626886656644244, 0.0011289671407186252, 13.0, 450.0], [0.09, 0.5766133902540608, 0.025029428131620214, 0.0010938347383508092, 9.0, 330.0], [0.1, 0.5699274607802305, 0.0317567998449975, 0.001799815017087221, 12.0, 392.0], [0.11, 0.561788404137165, 0.041860921039887936, 0.0020728296211961804, 23.0, 755.0], [0.12, 0.5507323337498264, 0.08391180121345836, 0.009114467732062837, 36.0, 1122.0], [0.13, 0.4901649097358859, 0.4376626741777875, 0.002204512113556473, 57.0, 1803.0], [0.13999999999999999, 0.4297959927411198, 0.6280235576125974, 0.002954064633055129, 14.0, 457.0], [0.15, 0.3906911182840483, 0.7297266977476745, 0.001737124338224998, 7.0, 272.0], [0.15999999999999998, 0.36198302790503956, 0.8015013520710967, 0.0013918084555064496, 6.0, 212.0], [0.16999999999999998, 0.3408143481882549, 0.8538513503137206, 0.0006293242896950629, 10.0, 334.0], [0.18, 0.32412206719422465, 0.894226686084642, 0.0009970245992535693, 5.0, 212.0]]}