{"parameters": {"w": 10, "ki": 0.08, "kf": 0.18, "ka": 11, "l": 2.0, "o": 30, "m": 800, "f": null}, "start_time": "Tue Dec 21 05:16:46 2021", "current_time": "Tue Dec 21 05:34:47 2021", "run_time_in_seconds": 1080, "measurements": 800, "moves_per_measurement": 4, "kappa_latest": 0.18, "mean_latest": 0.9128196108767916, "err_latest": 0.00028650943137466234, "correlation_time_latest": 7.0, "full_results": [[0.08, 0.5407656666666667, 0.013024527606579262, 0.0004136178273494286, 12.0, 1547.0], [0.09, 0.536131325, 0.01643710052704755, 0.0011274237257360594, 10.0, 1305.0], [0.1, 0.5309108303571428, 0.01926347955776348, 0.0007961311339899699, 28.0, 3503.0], [0.11, 0.524052171875, 0.03460425887284455, 0.0018484701707645933, 64.0, 7872.0], [0.12, 0.48540534375, 0.4032807189013412, 0.0171848757597167, 16.0, 2044.0], [0.13, 0.43572625, 0.6186649112742637, 0.0011909879580306428, 17.0, 2287.0], [0.13999999999999999, 0.4007175625, 0.724452237166094, 0.0008532739306218706, 12.0, 1561.0], [0.15, 0.37355325, 0.7958737543083784, 0.00044173704874510435, 8.0, 1075.0], [0.15999999999999998, 0.353727875, 0.8452166070405628, 0.0006101913043926977, 7.0, 1075.0], [0.16999999999999998, 0.3380839583333333, 0.8820465240093631, 0.000443873668649504, 6.0, 833.0], [0.18, 0.3251908125, 0.9128196108767916, 0.00028650943137466234, 7.0, 1080.0]]}