{"parameters": {"w": 3, "ki": 0.08, "kf": 0.18, "ka": 11, "l": 1.5, "o": 30, "m": 800, "f": null}, "start_time": "Mon Dec 20 20:18:51 2021", "current_time": "Mon Dec 20 20:18:58 2021", "run_time_in_seconds": 6, "measurements": 800, "moves_per_measurement": 3, "kappa_latest": 0.18, "mean_latest": 0.893500958167933, "err_latest": 0.007103206860375927, "correlation_time_latest": 6.0, "full_results": [[0.08, 0.6108630952380952, 0.11772377079847926, 0.0034984517204391216, 28.0, 28.0], [0.09, 0.6050874485596708, 0.13075350698586138, 0.0077110166653547585, 17.0, 18.0], [0.1, 0.595246913580247, 0.16306822205772656, 0.009274748262805676, 10.0, 10.0], [0.11, 0.5803877314814815, 0.22168182229851774, 0.01111316209314201, 15.0, 16.0], [0.12, 0.569755658436214, 0.2519824207401305, 0.014816753862540728, 11.0, 12.0], [0.13, 0.5265563271604938, 0.4276807371027827, 0.010241803986888676, 39.0, 40.0], [0.13999999999999999, 0.47512802926383174, 0.6030815085419883, 0.0099980192008033, 53.0, 53.0], [0.15, 0.4389429012345679, 0.7110210105820582, 0.016206415619795887, 8.0, 8.0], [0.15999999999999998, 0.4130812757201646, 0.784807768966858, 0.010158748087705241, 5.0, 6.0], [0.16999999999999998, 0.3835802469135802, 0.8542761169530717, 0.004557594898664073, 5.0, 6.0], [0.18, 0.3671039094650206, 0.893500958167933, 0.007103206860375927, 6.0, 6.0]]}