{"parameters": {"w": 9, "ki": 0.08, "kf": 0.18, "ka": 11, "l": 1.0, "o": 30, "m": 800, "f": null}, "start_time": "Tue Dec 21 01:17:09 2021", "current_time": "Tue Dec 21 01:23:54 2021", "run_time_in_seconds": 405, "measurements": 800, "moves_per_measurement": 2, "kappa_latest": 0.18, "mean_latest": 0.8845968834290623, "err_latest": 0.0006225118718083473, "correlation_time_latest": 4.0, "full_results": [[0.08, 0.5561113651374282, 0.01117021884474528, 0.00044473493783380374, 6.0, 560.0], [0.09, 0.5501014517604024, 0.012953396185556156, 0.0004956471768721399, 8.0, 725.0], [0.1, 0.5435449372554997, 0.016897027873775776, 0.0010910964623174456, 5.0, 560.0], [0.11, 0.5361875911773031, 0.017318425602570874, 0.0007449275463615062, 13.0, 1221.0], [0.12, 0.5280839218276346, 0.02518995115896258, 0.0013133849764738476, 17.0, 1548.0], [0.13, 0.5174572441954987, 0.04946505258995193, 0.0038734751932822625, 23.0, 2051.0], [0.13999999999999999, 0.447234645229834, 0.4538135579634626, 0.0015254695051457893, 68.0, 5731.0], [0.15, 0.38760307117817405, 0.6389157079590131, 0.001580190010274085, 7.0, 735.0], [0.15999999999999998, 0.349427424681197, 0.748868466290116, 0.0010419811313844476, 6.0, 569.0], [0.16999999999999998, 0.32294200579180005, 0.824368673103397, 0.0006165068827766228, 8.0, 738.0], [0.18, 0.30253629401005944, 0.8845968834290623, 0.0006225118718083473, 4.0, 405.0]]}