{"parameters": {"w": 4, "ki": 0.08, "kf": 0.18, "ka": 11, "l": 2.0, "o": 30, "m": 800, "f": null}, "start_time": "Mon Dec 20 20:28:58 2021", "current_time": "Mon Dec 20 20:29:51 2021", "run_time_in_seconds": 52, "measurements": 800, "moves_per_measurement": 8, "kappa_latest": 0.18, "mean_latest": 0.9135557187704924, "err_latest": 0.0010504157228464687, "correlation_time_latest": 15.0, "full_results": [[0.08, 0.5403391335227272, 0.07930296424257861, 0.001909204218407226, 21.0, 70.0], [0.09, 0.535523681640625, 0.09224096498614004, 0.004344304987733575, 15.0, 52.0], [0.1, 0.5299734497070312, 0.11548336229144682, 0.004709280437058433, 31.0, 101.0], [0.11, 0.51859716796875, 0.18476162467923554, 0.007779609757535861, 39.0, 127.0], [0.12, 0.4871019345238095, 0.3856963475107256, 0.014331408757996026, 42.0, 133.0], [0.13, 0.4384547061011905, 0.6032877367197613, 0.007344582885217579, 41.0, 134.0], [0.13999999999999999, 0.40075390625, 0.7231088721202268, 0.004625603029501332, 10.0, 34.0], [0.15, 0.37315234375, 0.7952658657011278, 0.0027754268886774273, 10.0, 33.0], [0.15999999999999998, 0.354654296875, 0.8416705293871833, 0.0018178368837465898, 10.0, 34.0], [0.16999999999999998, 0.337232421875, 0.8829820596771679, 0.002793691535437128, 10.0, 33.0], [0.18, 0.32416259765625, 0.9135557187704924, 0.0010504157228464687, 15.0, 52.0]]}