{"parameters": {"w": 5, "ki": 0.08, "kf": 0.18, "ka": 11, "l": 1.5, "o": 30, "m": 800, "f": null}, "start_time": "Mon Dec 20 20:46:02 2021", "current_time": "Mon Dec 20 20:47:26 2021", "run_time_in_seconds": 83, "measurements": 800, "moves_per_measurement": 5, "kappa_latest": 0.18, "mean_latest": 0.8938178566094177, "err_latest": 0.0015825405292132404, "correlation_time_latest": 10.0, "full_results": [[0.08, 0.5821205, 0.04510963485400714, 0.0023338522322662526, 8.0, 67.0], [0.09, 0.5759656666666667, 0.04835878421006529, 0.0016251145861208214, 11.0, 97.0], [0.1, 0.569383, 0.06183958892536205, 0.001866228390412555, 15.0, 129.0], [0.11, 0.5612871578947368, 0.08000582812752895, 0.002471462023552576, 37.0, 296.0], [0.12, 0.5469478461538462, 0.14524513422322166, 0.01093231904159516, 26.0, 204.0], [0.13, 0.49214694117647056, 0.42407509475848026, 0.00865135229572248, 68.0, 528.0], [0.13999999999999999, 0.4274857142857143, 0.6359968270304844, 0.002684509143389625, 14.0, 114.0], [0.15, 0.389092, 0.7341371683227244, 0.0018801829032766594, 12.0, 99.0], [0.15999999999999998, 0.362137, 0.802719432197264, 0.0013171291442727747, 11.0, 98.0], [0.16999999999999998, 0.340758, 0.8536503731937319, 0.0015673825727937432, 12.0, 99.0], [0.18, 0.3247836, 0.8938178566094177, 0.0015825405292132404, 10.0, 83.0]]}