{"parameters": {"w": 8, "ki": 0.08, "kf": 0.18, "ka": 11, "l": 1.0, "o": 30, "m": 800, "f": null}, "start_time": "Mon Dec 20 23:33:52 2021", "current_time": "Mon Dec 20 23:41:22 2021", "run_time_in_seconds": 450, "measurements": 800, "moves_per_measurement": 4, "kappa_latest": 0.18, "mean_latest": 0.8826040638541679, "err_latest": 0.0007189609177126162, "correlation_time_latest": 8.0, "full_results": [[0.08, 0.5937576293945312, 0.01525307728067273, 0.0009027199580975034, 4.0, 245.0], [0.09, 0.5879832763671875, 0.016810114123254696, 0.0005365005072430253, 9.0, 547.0], [0.1, 0.5814793650309245, 0.020036085039203292, 0.0004547894613671009, 24.0, 1247.0], [0.11, 0.57441357421875, 0.022656985450548423, 0.0005741968338559439, 10.0, 544.0], [0.12, 0.5657149191463695, 0.03237169520397773, 0.00136869411416101, 34.0, 1751.0], [0.13, 0.5550291697184245, 0.057926958073624656, 0.003899258451444641, 23.0, 1250.0], [0.13999999999999999, 0.4826453583816002, 0.4550146917635324, 0.0015650546921011559, 57.0, 2980.0], [0.15, 0.42246629987444195, 0.6377894093210745, 0.001481826465258486, 14.0, 755.0], [0.15999999999999998, 0.3830369873046875, 0.7472983952798736, 0.0010520757088013808, 9.0, 551.0], [0.16999999999999998, 0.35528762817382814, 0.8243041304359098, 0.0009563523046625254, 8.0, 450.0], [0.18, 0.3346211242675781, 0.8826040638541679, 0.0007189609177126162, 8.0, 450.0]]}